xp,yp,label,umag,ux
9.80606,0.139011,0,0.0,0.0
9.81248,0.141711,0,0.0,0.0
9.81745,0.144444,0,0.0,0.0
9.82349,0.14764,0,0.0,0.0
9.83233,0.151852,0,0.0,0.0
9.83449,0.15314,0,0.0,0.0
9.84549,0.157744,0,0.0,0.0
9.84822,0.159259,0,0.0,0.0
9.85649,0.163226,0,0.0,0.0
9.86299,0.166667,0,0.0,0.0
9.8675,0.169184,0,0.0,0.0
9.8785,0.172345,0,0.0,0.0
9.88205,0.174074,0,0.0,0.0
9.8895,0.177499,0,0.0,0.0
9.89511,0.179107,0,0.0,0.0
9.89648,0.179445,0,0.0,0.0
9.9005,0.180594,0,0.0,0.0
9.90287,0.181481,0,0.0,0.0
9.90606,0.182649,0,0.0,0.0
9.90672,0.182908,0,0.0,0.0
9.91151,0.184574,0,0.0,0.0
9.92251,0.186236,0,0.0,0.0
9.92808,0.187274,0,0.0,0.0
9.92932,0.187413,0,0.0,0.0
9.93351,0.188174,0,0.0,0.0
9.937,0.188889,0,0.0,0.0
9.94003,0.189467,0,0.0,0.0
9.94025,0.189525,0,0.0,0.0
9.94452,0.190263,0,0.0,0.0
9.95552,0.191273,0,0.0,0.0
9.96652,0.191654,0,0.0,0.0
9.97752,0.191687,0,0.0,0.0
9.98853,0.191454,0,0.0,0.0
9.99953,0.190937,0,0.0,0.0
10.0105,0.189987,0,0.0,0.0
10.015,0.189469,0,0.0,0.0
10.0151,0.189452,0,0.0,0.0
10.0194,0.188889,0,0.0,0.0
10.0215,0.188591,0,0.0,0.0
10.0268,0.187987,0,0.0,0.0
10.0274,0.18793,0,0.0,0.0
10.0325,0.187354,0,0.0,0.0
10.0435,0.186508,0,0.0,0.0
10.0545,0.186047,0,0.0,0.0
10.0655,0.185849,0,0.0,0.0
10.0765,0.185874,0,0.0,0.0
10.0876,0.18609,0,0.0,0.0
10.0986,0.18674,0,0.0,0.0
10.1096,0.18706,0,0.0,0.0
10.1206,0.187644,0,0.0,0.0
10.1247,0.187848,0,0.0,0.0
10.1259,0.187901,0,0.0,0.0
10.1316,0.188179,0,0.0,0.0
10.1426,0.188663,0,0.0,0.0
10.1507,0.188889,0,0.0,0.0
10.1536,0.188964,0,0.0,0.0
10.1646,0.189191,0,0.0,0.0
10.1696,0.189486,0,0.0,0.0
10.1703,0.189473,0,0.0,0.0
10.1756,0.189723,0,0.0,0.0
10.1866,0.189439,0,0.0,0.0
10.1976,0.189877,0,0.0,0.0
10.2028,0.189913,0,0.0,0.0
10.2046,0.189973,0,0.0,0.0
10.2086,0.190019,0,0.0,0.0
10.2123,0.190121,0,0.0,0.0
10.2141,0.190159,0,0.0,0.0
10.2196,0.190319,0,0.0,0.0
10.2306,0.190914,0,0.0,0.0
10.2416,0.190943,0,0.0,0.0
10.2526,0.191157,0,0.0,0.0
10.2636,0.191166,0,0.0,0.0
10.2746,0.191569,0,0.0,0.0
10.2856,0.191852,0,0.0,0.0
10.2966,0.192037,0,0.0,0.0
10.3076,0.192141,0,0.0,0.0
10.3186,0.192168,0,0.0,0.0
10.3296,0.192132,0,0.0,0.0
10.3406,0.192067,0,0.0,0.0
10.3516,0.191995,0,0.0,0.0
10.3626,0.191921,0,0.0,0.0
10.3736,0.19184,0,0.0,0.0
10.3846,0.191738,0,0.0,0.0
10.3956,0.191608,0,0.0,0.0
10.4066,0.191462,0,0.0,0.0
10.4176,0.191302,0,0.0,0.0
10.4286,0.191114,0,0.0,0.0
10.4396,0.19086,0,0.0,0.0
10.4506,0.190513,0,0.0,0.0
10.4573,0.190065,0,0.0,0.0
10.4562,0.189964,0,0.0,0.0
10.4616,0.189661,0,0.0,0.0
10.4659,0.190248,0,0.0,0.0
10.467,0.190179,0,0.0,0.0
10.4726,0.191023,0,0.0,0.0
10.4781,0.190392,0,0.0,0.0
10.4799,0.190255,0,0.0,0.0
10.4836,0.189857,0,0.0,0.0
10.4904,0.18819,0,0.0,0.0
10.4875,0.188889,0,0.0,0.0
10.4899,0.188364,0,0.0,0.0
10.4946,0.18735,0,0.0,0.0
10.5057,0.186618,0,0.0,0.0
10.5167,0.185934,0,0.0,0.0
10.5277,0.185635,0,0.0,0.0
10.5387,0.184289,0,0.0,0.0
10.5497,0.184929,0,0.0,0.0
10.5607,0.183702,0,0.0,0.0
10.5678,0.182947,0,0.0,0.0
10.5662,0.18289,0,0.0,0.0
10.5717,0.182522,0,0.0,0.0
10.5772,0.183637,0,0.0,0.0
10.5827,0.181984,0,0.0,0.0
10.5872,0.181481,0,0.0,0.0
10.5937,0.181015,0,0.0,0.0
10.5983,0.180606,0,0.0,0.0
10.5992,0.180653,0,0.0,0.0
10.6047,0.180187,0,0.0,0.0
10.6157,0.179514,0,0.0,0.0
10.6267,0.17944,0,0.0,0.0
10.6377,0.179025,0,0.0,0.0
10.6487,0.178462,0,0.0,0.0
10.6597,0.178385,0,0.0,0.0
10.6707,0.178308,0,0.0,0.0
10.6817,0.178127,0,0.0,0.0
10.6927,0.177789,0,0.0,0.0
10.7037,0.177994,0,0.0,0.0
10.7147,0.178382,0,0.0,0.0
10.7257,0.178413,0,0.0,0.0
10.7367,0.179023,0,0.0,0.0
10.7477,0.179189,0,0.0,0.0
10.7587,0.180389,0,0.0,0.0
10.7629,0.18087,0,0.0,0.0
10.7631,0.180955,0,0.0,0.0
10.7661,0.181481,0,0.0,0.0
10.7697,0.182451,0,0.0,0.0
10.7747,0.182534,0,0.0,0.0
10.7759,0.182388,0,0.0,0.0
10.7807,0.182419,0,0.0,0.0
10.7917,0.183721,0,0.0,0.0
10.8027,0.184698,0,0.0,0.0
10.8137,0.185624,0,0.0,0.0
10.8247,0.187569,0,0.0,0.0
10.8301,0.188889,0,0.0,0.0
10.8357,0.190442,0,0.0,0.0
10.8467,0.191368,0,0.0,0.0
10.8577,0.193335,0,0.0,0.0
10.8687,0.194914,0,0.0,0.0
10.8751,0.196296,0,0.0,0.0
10.8797,0.197397,0,0.0,0.0
10.8907,0.19962,0,0.0,0.0
10.9017,0.201978,0,0.0,0.0
10.9088,0.203704,0,0.0,0.0
10.9128,0.204698,0,0.0,0.0
10.9238,0.207031,0,0.0,0.0
10.9348,0.20972,0,0.0,0.0
10.94,0.211111,0,0.0,0.0
10.9458,0.212624,0,0.0,0.0
10.9568,0.215348,0,0.0,0.0
10.9622,0.217209,0,0.0,0.0
10.9617,0.216897,0,0.0,0.0
10.9658,0.218519,0,0.0,0.0
10.9734,0.220034,0,0.0,0.0
10.9678,0.219343,0,0.0,0.0
10.9723,0.220018,0,0.0,0.0
10.9788,0.220882,0,0.0,0.0
10.9898,0.223396,0,0.0,0.0
10.9971,0.225926,0,0.0,0.0
11.0008,0.227255,0,0.0,0.0
11.0118,0.229841,0,0.0,0.0
11.0228,0.232548,0,0.0,0.0
11.0254,0.233333,0,0.0,0.0
11.0338,0.235616,0,0.0,0.0
11.0448,0.237995,0,0.0,0.0
11.0518,0.240741,0,0.0,0.0
11.0558,0.242297,0,0.0,0.0
11.0668,0.24427,0,0.0,0.0
11.0778,0.247773,0,0.0,0.0
11.079,0.248148,0,0.0,0.0
11.0888,0.250838,0,0.0,0.0
11.0998,0.254224,0,0.0,0.0
11.1026,0.255556,0,0.0,0.0
11.1108,0.258144,0,0.0,0.0
11.1218,0.25975,0,0.0,0.0
11.1292,0.262963,0,0.0,0.0
11.1328,0.264814,0,0.0,0.0
11.1438,0.266415,0,0.0,0.0
11.1545,0.27037,0,0.0,0.0
11.1548,0.27052,0,0.0,0.0
11.1658,0.274203,0,0.0,0.0
11.1768,0.2752,0,0.0,0.0
11.1845,0.277778,0,0.0,0.0
11.1878,0.279167,0,0.0,0.0
11.1988,0.281447,0,0.0,0.0
11.2098,0.28624,0,0.0,0.0
11.2081,0.285185,0,0.0,0.0
11.2208,0.287088,0,0.0,0.0
11.2318,0.28887,0,0.0,0.0
11.2428,0.290444,0,0.0,0.0
11.251,0.292593,0,0.0,0.0
11.2538,0.293508,0,0.0,0.0
11.2648,0.295445,0,0.0,0.0
11.2758,0.296476,0,0.0,0.0
11.2868,0.29753,0,0.0,0.0
11.2978,0.299092,0,0.0,0.0
11.303,0.3,0,0.0,0.0
11.3088,0.301024,0,0.0,0.0
11.3199,0.302125,0,0.0,0.0
11.3309,0.30277,0,0.0,0.0
11.3419,0.303154,0,0.0,0.0
11.3529,0.303364,0,0.0,0.0
11.3639,0.303442,0,0.0,0.0
11.3749,0.303406,0,0.0,0.0
11.3859,0.303243,0,0.0,0.0
11.3969,0.3029,0,0.0,0.0
11.4079,0.302279,0,0.0,0.0
11.4189,0.301186,0,0.0,0.0
11.4252,0.3,0,0.0,0.0
11.4299,0.299105,0,0.0,0.0
11.4409,0.297391,0,0.0,0.0
11.4519,0.296258,0,0.0,0.0
11.4629,0.294812,0,0.0,0.0
11.4707,0.292593,0,0.0,0.0
11.4739,0.291523,0,0.0,0.0
11.4849,0.289171,0,0.0,0.0
11.4959,0.287118,0,0.0,0.0
11.5005,0.285185,0,0.0,0.0
11.5069,0.28277,0,0.0,0.0
11.5179,0.280418,0,0.0,0.0
11.5239,0.277778,0,0.0,0.0
11.5289,0.275504,0,0.0,0.0
11.5399,0.272548,0,0.0,0.0
11.5441,0.27037,0,0.0,0.0
11.5509,0.267308,0,0.0,0.0
11.561,0.262963,0,0.0,0.0
11.5619,0.262409,0,0.0,0.0
11.5729,0.257959,0,0.0,0.0
11.5771,0.255556,0,0.0,0.0
11.5839,0.251979,0,0.0,0.0
11.5904,0.248148,0,0.0,0.0
11.5949,0.245414,0,0.0,0.0
11.6058,0.240741,0,0.0,0.0
11.6059,0.240683,0,0.0,0.0
11.6151,0.233333,0,0.0,0.0
11.6169,0.232097,0,0.0,0.0
11.6262,0.225926,0,0.0,0.0
11.6279,0.224737,0,0.0,0.0
11.6369,0.218519,0,0.0,0.0
11.6389,0.217118,0,0.0,0.0
11.6468,0.211111,0,0.0,0.0
11.6499,0.208861,0,0.0,0.0
11.6552,0.203704,0,0.0,0.0
11.6609,0.199626,0,0.0,0.0
11.6659,0.196296,0,0.0,0.0
11.6719,0.19021,0,0.0,0.0
11.6738,0.188889,0,0.0,0.0
11.6774,0.181481,0,0.0,0.0
11.6829,0.177424,0,0.0,0.0
11.6878,0.174074,0,0.0,0.0
11.6911,0.166667,0,0.0,0.0
11.6939,0.163904,0,0.0,0.0
11.6981,0.159259,0,0.0,0.0
11.7007,0.151852,0,0.0,0.0
11.7049,0.148692,0,0.0,0.0
11.7104,0.144444,0,0.0,0.0
11.7123,0.137037,0,0.0,0.0
11.7159,0.133497,0,0.0,0.0
11.7196,0.12963,0,0.0,0.0
11.7213,0.122222,0,0.0,0.0
11.7249,0.114815,0,0.0,0.0
11.727,0.112334,0,0.0,0.0
11.7306,0.107407,0,0.0,0.0
11.7322,0.1,0,0.0,0.0
11.7347,0.0925926,0,0.0,0.0
11.7375,0.0851852,0,0.0,0.0
11.738,0.084763,0,0.0,0.0
11.7425,0.0777778,0,0.0,0.0
11.7433,0.0703704,0,0.0,0.0
11.7439,0.062963,0,0.0,0.0
11.7443,0.0555556,0,0.0,0.0
11.7454,0.0481481,0,0.0,0.0
11.747,0.0444137,0,0.0,0.0
11.7476,0.0432359,0,0.0,0.0
11.7497,0.0379208,0,0.0,0.0
11.7501,0.0369024,0,0.0,0.0
11.7488,0.0407407,0,0.0,0.0
11.749,0.0402534,0,0.0,0.0
11.7512,0.0333333,0,0.0,0.0
11.7518,0.0259259,0,0.0,0.0
11.7525,0.0185185,0,0.0,0.0
11.7526,0.0111111,0,0.0,0.0
11.7526,0.0037037,0,0.0,0.0
11.7526,-0.0037037,0,0.0,0.0
11.7526,-0.0111111,0,0.0,0.0
11.7527,-0.0185185,0,0.0,0.0
11.7528,-0.0259259,0,0.0,0.0
11.7514,-0.0333333,0,0.0,0.0
11.7501,-0.0367316,0,0.0,0.0
11.7498,-0.0374467,0,0.0,0.0
11.749,-0.0396501,0,0.0,0.0
11.7485,-0.0407407,0,0.0,0.0
11.7474,-0.043308,0,0.0,0.0
11.7469,-0.0443658,0,0.0,0.0
11.7452,-0.0481481,0,0.0,0.0
11.7442,-0.0555556,0,0.0,0.0
11.7436,-0.062963,0,0.0,0.0
11.7426,-0.0703704,0,0.0,0.0
11.7423,-0.0777778,0,0.0,0.0
11.74,-0.0815107,0,0.0,0.0
11.7374,-0.0851852,0,0.0,0.0
11.7396,-0.0821526,0,0.0,0.0
11.738,-0.0846842,0,0.0,0.0
11.7363,-0.0879454,0,0.0,0.0
11.7361,-0.08873,0,0.0,0.0
11.7345,-0.0925926,0,0.0,0.0
11.7321,-0.1,0,0.0,0.0
11.73,-0.107407,0,0.0,0.0
11.7236,-0.114815,0,0.0,0.0
11.727,-0.110649,0,0.0,0.0
11.7214,-0.122222,0,0.0,0.0
11.7159,-0.131443,0,0.0,0.0
11.718,-0.12963,0,0.0,0.0
11.7113,-0.137037,0,0.0,0.0
11.7093,-0.144444,0,0.0,0.0
11.7049,-0.147965,0,0.0,0.0
11.7003,-0.151852,0,0.0,0.0
11.6984,-0.159259,0,0.0,0.0
11.6939,-0.163069,0,0.0,0.0
11.6896,-0.166667,0,0.0,0.0
11.6868,-0.174074,0,0.0,0.0
11.6829,-0.176614,0,0.0,0.0
11.6772,-0.181481,0,0.0,0.0
11.6719,-0.188501,0,0.0,0.0
11.6714,-0.188889,0,0.0,0.0
11.665,-0.196296,0,0.0,0.0
11.6609,-0.199002,0,0.0,0.0
11.6547,-0.203704,0,0.0,0.0
11.6499,-0.207847,0,0.0,0.0
11.6455,-0.211111,0,0.0,0.0
11.6389,-0.216161,0,0.0,0.0
11.6356,-0.218519,0,0.0,0.0
11.6279,-0.225349,0,0.0,0.0
11.6271,-0.225926,0,0.0,0.0
11.6169,-0.231465,0,0.0,0.0
11.6141,-0.233333,0,0.0,0.0
11.6039,-0.240741,0,0.0,0.0
11.6059,-0.239481,0,0.0,0.0
11.5949,-0.245184,0,0.0,0.0
11.5899,-0.248148,0,0.0,0.0
11.5839,-0.251575,0,0.0,0.0
11.5761,-0.255556,0,0.0,0.0
11.5729,-0.257461,0,0.0,0.0
11.5619,-0.261645,0,0.0,0.0
11.5597,-0.262963,0,0.0,0.0
11.5509,-0.266923,0,0.0,0.0
11.5429,-0.27037,0,0.0,0.0
11.5399,-0.272059,0,0.0,0.0
11.5289,-0.275137,0,0.0,0.0
11.5229,-0.277778,0,0.0,0.0
11.5179,-0.28014,0,0.0,0.0
11.5069,-0.282592,0,0.0,0.0
11.5001,-0.285185,0,0.0,0.0
11.4959,-0.287048,0,0.0,0.0
11.4849,-0.289228,0,0.0,0.0
11.4739,-0.291966,0,0.0,0.0
11.4722,-0.292593,0,0.0,0.0
11.4629,-0.295214,0,0.0,0.0
11.4519,-0.296608,0,0.0,0.0
11.4409,-0.298187,0,0.0,0.0
11.433,-0.3,0,0.0,0.0
11.4299,-0.30083,0,0.0,0.0
11.4189,-0.302454,0,0.0,0.0
11.4079,-0.303348,0,0.0,0.0
11.3969,-0.303902,0,0.0,0.0
11.3859,-0.304373,0,0.0,0.0
11.3749,-0.304776,0,0.0,0.0
11.3639,-0.305058,0,0.0,0.0
11.3529,-0.305189,0,0.0,0.0
11.3419,-0.305141,0,0.0,0.0
11.3309,-0.304916,0,0.0,0.0
11.3199,-0.304563,0,0.0,0.0
11.3088,-0.304133,0,0.0,0.0
11.2978,-0.303683,0,0.0,0.0
11.2868,-0.303084,0,0.0,0.0
11.2758,-0.302098,0,0.0,0.0
11.2648,-0.300293,0,0.0,0.0
11.2637,-0.3,0,0.0,0.0
11.2538,-0.297998,0,0.0,0.0
11.2428,-0.296649,0,0.0,0.0
11.2318,-0.295559,0,0.0,0.0
11.2208,-0.293576,0,0.0,0.0
11.2179,-0.292593,0,0.0,0.0
11.2098,-0.290433,0,0.0,0.0
11.1988,-0.289086,0,0.0,0.0
11.1878,-0.287061,0,0.0,0.0
11.1768,-0.286327,0,0.0,0.0
11.1747,-0.285185,0,0.0,0.0
11.1658,-0.281061,0,0.0,0.0
11.1548,-0.278807,0,0.0,0.0
11.1508,-0.277778,0,0.0,0.0
11.1438,-0.276027,0,0.0,0.0
11.1328,-0.273582,0,0.0,0.0
11.1273,-0.272512,0,0.0,0.0
11.1182,-0.27037,0,0.0,0.0
11.1218,-0.272076,0,0.0,0.0
11.1256,-0.272615,0,0.0,0.0
11.1157,-0.269399,0,0.0,0.0
11.1151,-0.269035,0,0.0,0.0
11.1108,-0.267649,0,0.0,0.0
11.0998,-0.265465,0,0.0,0.0
11.0929,-0.264631,0,0.0,0.0
11.0888,-0.264108,0,0.0,0.0
11.0944,-0.264622,0,0.0,0.0
11.0861,-0.262963,0,0.0,0.0
11.0824,-0.261468,0,0.0,0.0
11.0831,-0.261864,0,0.0,0.0
11.0778,-0.260012,0,0.0,0.0
11.0668,-0.25774,0,0.0,0.0
11.0614,-0.257065,0,0.0,0.0
11.0599,-0.257149,0,0.0,0.0
11.0558,-0.256755,0,0.0,0.0
11.0529,-0.255556,0,0.0,0.0
11.05,-0.254557,0,0.0,0.0
11.0494,-0.254186,0,0.0,0.0
11.0448,-0.252904,0,0.0,0.0
11.0338,-0.250618,0,0.0,0.0
11.0228,-0.248474,0,0.0,0.0
11.0213,-0.248148,0,0.0,0.0
11.0118,-0.246098,0,0.0,0.0
11.0008,-0.243932,0,0.0,0.0
10.9898,-0.241658,0,0.0,0.0
10.9857,-0.240741,0,0.0,0.0
10.9788,-0.23922,0,0.0,0.0
10.9678,-0.237907,0,0.0,0.0
10.9568,-0.236278,0,0.0,0.0
10.9458,-0.235643,0,0.0,0.0
10.9376,-0.233333,0,0.0,0.0
10.9348,-0.232522,0,0.0,0.0
10.9238,-0.230812,0,0.0,0.0
10.9128,-0.229354,0,0.0,0.0
10.9017,-0.228259,0,0.0,0.0
10.8907,-0.227235,0,0.0,0.0
10.8825,-0.225926,0,0.0,0.0
10.8797,-0.225383,0,0.0,0.0
10.8687,-0.223352,0,0.0,0.0
10.8577,-0.222762,0,0.0,0.0
10.8467,-0.222183,0,0.0,0.0
10.8357,-0.221479,0,0.0,0.0
10.8247,-0.221091,0,0.0,0.0
10.8137,-0.220907,0,0.0,0.0
10.8027,-0.221295,0,0.0,0.0
10.7917,-0.220847,0,0.0,0.0
10.7807,-0.220955,0,0.0,0.0
10.7697,-0.22088,0,0.0,0.0
10.7587,-0.220945,0,0.0,0.0
10.7477,-0.22038,0,0.0,0.0
10.7367,-0.221123,0,0.0,0.0
10.7257,-0.221372,0,0.0,0.0
10.7147,-0.221465,0,0.0,0.0
10.7037,-0.221957,0,0.0,0.0
10.6927,-0.222532,0,0.0,0.0
10.6817,-0.223322,0,0.0,0.0
10.6707,-0.2242,0,0.0,0.0
10.6616,-0.225926,0,0.0,0.0
10.6597,-0.22652,0,0.0,0.0
10.6649,-0.225266,0,0.0,0.0
10.6657,-0.225018,0,0.0,0.0
10.6556,-0.226922,0,0.0,0.0
10.6543,-0.226903,0,0.0,0.0
10.6487,-0.227539,0,0.0,0.0
10.6377,-0.228553,0,0.0,0.0
10.6267,-0.229569,0,0.0,0.0
10.6157,-0.229611,0,0.0,0.0
10.6047,-0.231786,0,0.0,0.0
10.6002,-0.233333,0,0.0,0.0
10.5937,-0.235501,0,0.0,0.0
10.5827,-0.236447,0,0.0,0.0
10.5717,-0.237439,0,0.0,0.0
10.5658,-0.239024,0,0.0,0.0
10.5653,-0.239106,0,0.0,0.0
10.5599,-0.240741,0,0.0,0.0
10.5607,-0.240456,0,0.0,0.0
10.5555,-0.242058,0,0.0,0.0
10.5552,-0.242158,0,0.0,0.0
10.5497,-0.243626,0,0.0,0.0
10.5387,-0.244112,0,0.0,0.0
10.5277,-0.244682,0,0.0,0.0
10.5167,-0.244776,0,0.0,0.0
10.5057,-0.244642,0,0.0,0.0
10.4946,-0.245242,0,0.0,0.0
10.4836,-0.246958,0,0.0,0.0
10.4801,-0.248148,0,0.0,0.0
10.4726,-0.250452,0,0.0,0.0
10.4616,-0.25298,0,0.0,0.0
10.4563,-0.255556,0,0.0,0.0
10.4506,-0.258352,0,0.0,0.0
10.4396,-0.260799,0,0.0,0.0
10.434,-0.262963,0,0.0,0.0
10.4286,-0.265132,0,0.0,0.0
10.4176,-0.267046,0,0.0,0.0
10.4066,-0.26866,0,0.0,0.0
10.401,-0.269458,0,0.0,0.0
10.4008,-0.269494,0,0.0,0.0
10.3956,-0.270258,0,0.0,0.0
10.3952,-0.27037,0,0.0,0.0
10.3906,-0.271087,0,0.0,0.0
10.3904,-0.271133,0,0.0,0.0
10.3846,-0.271836,0,0.0,0.0
10.3736,-0.272184,0,0.0,0.0
10.3626,-0.272098,0,0.0,0.0
10.3568,-0.27037,0,0.0,0.0
10.3516,-0.26872,0,0.0,0.0
10.3406,-0.267083,0,0.0,0.0
10.3296,-0.266439,0,0.0,0.0
10.3186,-0.265956,0,0.0,0.0
10.3076,-0.265946,0,0.0,0.0
10.2966,-0.266679,0,0.0,0.0
10.2856,-0.269022,0,0.0,0.0
10.2828,-0.27037,0,0.0,0.0
10.2746,-0.273909,0,0.0,0.0
10.2672,-0.277778,0,0.0,0.0
10.2636,-0.27996,0,0.0,0.0
10.255,-0.285185,0,0.0,0.0
10.2526,-0.286724,0,0.0,0.0
10.247,-0.289884,0,0.0,0.0
10.2466,-0.290141,0,0.0,0.0
10.2424,-0.292593,0,0.0,0.0
10.2416,-0.293085,0,0.0,0.0
10.2371,-0.295242,0,0.0,0.0
10.2364,-0.295511,0,0.0,0.0
10.2306,-0.298241,0,0.0,0.0
10.2271,-0.3,0,0.0,0.0
10.2196,-0.303256,0,0.0,0.0
10.2086,-0.305832,0,0.0,0.0
10.2022,-0.307407,0,0.0,0.0
10.1976,-0.308456,0,0.0,0.0
10.1866,-0.309272,0,0.0,0.0
10.1756,-0.308475,0,0.0,0.0
10.1717,-0.307407,0,0.0,0.0
10.1646,-0.305662,0,0.0,0.0
10.1536,-0.303426,0,0.0,0.0
10.145,-0.3,0,0.0,0.0
10.1426,-0.298665,0,0.0,0.0
10.1316,-0.294738,0,0.0,0.0
10.1281,-0.292593,0,0.0,0.0
10.1206,-0.288483,0,0.0,0.0
10.1153,-0.285185,0,0.0,0.0
10.1096,-0.281555,0,0.0,0.0
10.1037,-0.277778,0,0.0,0.0
10.0986,-0.274401,0,0.0,0.0
10.0919,-0.27037,0,0.0,0.0
10.0876,-0.26765,0,0.0,0.0
10.0765,-0.263943,0,0.0,0.0
10.0727,-0.263358,0,0.0,0.0
10.0726,-0.263302,0,0.0,0.0
10.0705,-0.262963,0,0.0,0.0
10.0655,-0.261624,0,0.0,0.0
10.0571,-0.262963,0,0.0,0.0
10.0545,-0.263676,0,0.0,0.0
10.0528,-0.264527,0,0.0,0.0
10.0458,-0.268768,0,0.0,0.0
10.0435,-0.270447,0,0.0,0.0
10.0436,-0.27037,0,0.0,0.0
10.04,-0.274065,0,0.0,0.0
10.04,-0.274081,0,0.0,0.0
10.0351,-0.281066,0,0.0,0.0
10.0351,-0.281085,0,0.0,0.0
10.0367,-0.277778,0,0.0,0.0
10.0326,-0.285185,0,0.0,0.0
10.0325,-0.285275,0,0.0,0.0
10.0306,-0.289584,0,0.0,0.0
10.0306,-0.289584,0,0.0,0.0
10.0296,-0.292593,0,0.0,0.0
10.0276,-0.3,0,0.0,0.0
10.027,-0.307407,0,0.0,0.0
10.027,-0.314815,0,0.0,0.0
10.027,-0.322222,0,0.0,0.0
10.0271,-0.32963,0,0.0,0.0
10.0274,-0.337037,0,0.0,0.0
10.028,-0.344444,0,0.0,0.0
10.0293,-0.351852,0,0.0,0.0
10.0303,-0.355236,0,0.0,0.0
10.0303,-0.355835,0,0.0,0.0
10.0314,-0.359259,0,0.0,0.0
10.0325,-0.361896,0,0.0,0.0
10.0343,-0.366667,0,0.0,0.0
10.0352,-0.369377,0,0.0,0.0
10.0354,-0.370395,0,0.0,0.0
10.0368,-0.374074,0,0.0,0.0
10.0381,-0.381481,0,0.0,0.0
10.0402,-0.388889,0,0.0,0.0
10.0418,-0.392364,0,0.0,0.0
10.0419,-0.392509,0,0.0,0.0
10.0435,-0.395546,0,0.0,0.0
10.049,-0.393168,0,0.0,0.0
10.0545,-0.395245,0,0.0,0.0
10.0583,-0.393493,0,0.0,0.0
10.06,-0.392769,0,0.0,0.0
10.0655,-0.390111,0,0.0,0.0
10.0694,-0.388889,0,0.0,0.0
10.0765,-0.386966,0,0.0,0.0
10.0876,-0.387789,0,0.0,0.0
10.0922,-0.388889,0,0.0,0.0
10.0986,-0.39027,0,0.0,0.0
10.104,-0.389568,0,0.0,0.0
10.1048,-0.389414,0,0.0,0.0
10.1096,-0.388682,0,0.0,0.0
10.1086,-0.388889,0,0.0,0.0
10.1136,-0.387909,0,0.0,0.0
10.1147,-0.387725,0,0.0,0.0
10.1206,-0.386605,0,0.0,0.0
10.1316,-0.386412,0,0.0,0.0
10.1426,-0.38693,0,0.0,0.0
10.1536,-0.386508,0,0.0,0.0
10.1646,-0.384997,0,0.0,0.0
10.1756,-0.385355,0,0.0,0.0
10.1866,-0.385596,0,0.0,0.0
10.1976,-0.384925,0,0.0,0.0
10.2086,-0.384878,0,0.0,0.0
10.2196,-0.384853,0,0.0,0.0
10.2306,-0.384784,0,0.0,0.0
10.2416,-0.384596,0,0.0,0.0
10.2526,-0.384387,0,0.0,0.0
10.2636,-0.384194,0,0.0,0.0
10.2746,-0.383988,0,0.0,0.0
10.2856,-0.383758,0,0.0,0.0
10.2966,-0.383512,0,0.0,0.0
10.3076,-0.383241,0,0.0,0.0
10.3186,-0.38294,0,0.0,0.0
10.3296,-0.382611,0,0.0,0.0
10.3406,-0.382248,0,0.0,0.0
10.3516,-0.381845,0,0.0,0.0
10.3606,-0.381481,0,0.0,0.0
10.3626,-0.381395,0,0.0,0.0
10.3736,-0.380962,0,0.0,0.0
10.3846,-0.38057,0,0.0,0.0
10.3956,-0.380239,0,0.0,0.0
10.4066,-0.379949,0,0.0,0.0
10.4176,-0.379673,0,0.0,0.0
10.4286,-0.379409,0,0.0,0.0
10.4396,-0.379162,0,0.0,0.0
10.4506,-0.378932,0,0.0,0.0
10.4616,-0.378715,0,0.0,0.0
10.4726,-0.378508,0,0.0,0.0
10.4836,-0.378311,0,0.0,0.0
10.4946,-0.378127,0,0.0,0.0
10.5057,-0.37796,0,0.0,0.0
10.5167,-0.377807,0,0.0,0.0
10.5277,-0.377663,0,0.0,0.0
10.5387,-0.377525,0,0.0,0.0
10.5497,-0.377286,0,0.0,0.0
10.5607,-0.376957,0,0.0,0.0
10.5717,-0.376567,0,0.0,0.0
10.5827,-0.376092,0,0.0,0.0
10.5937,-0.375514,0,0.0,0.0
10.6047,-0.374793,0,0.0,0.0
10.6134,-0.374074,0,0.0,0.0
10.6157,-0.37387,0,0.0,0.0
10.6267,-0.373009,0,0.0,0.0
10.6377,-0.372331,0,0.0,0.0
10.6487,-0.3718,0,0.0,0.0
10.6597,-0.37137,0,0.0,0.0
10.6707,-0.371001,0,0.0,0.0
10.6817,-0.370679,0,0.0,0.0
10.6927,-0.370401,0,0.0,0.0
10.7037,-0.370299,0,0.0,0.0
10.7147,-0.370234,0,0.0,0.0
10.7257,-0.371126,0,0.0,0.0
10.7367,-0.370934,0,0.0,0.0
10.7477,-0.371689,0,0.0,0.0
10.7587,-0.370492,0,0.0,0.0
10.7697,-0.369889,0,0.0,0.0
10.7807,-0.371012,0,0.0,0.0
10.7917,-0.37082,0,0.0,0.0
10.8027,-0.370117,0,0.0,0.0
10.8137,-0.37046,0,0.0,0.0
10.8247,-0.370308,0,0.0,0.0
10.8357,-0.369522,0,0.0,0.0
10.8467,-0.369865,0,0.0,0.0
10.8577,-0.369637,0,0.0,0.0
10.8687,-0.369257,0,0.0,0.0
10.8797,-0.368803,0,0.0,0.0
10.8907,-0.368263,0,0.0,0.0
10.9017,-0.367606,0,0.0,0.0
10.9128,-0.3668,0,0.0,0.0
10.9238,-0.368529,0,0.0,0.0
10.9348,-0.368284,0,0.0,0.0
10.9458,-0.367955,0,0.0,0.0
10.9568,-0.36759,0,0.0,0.0
10.9678,-0.367178,0,0.0,0.0
10.9788,-0.366705,0,0.0,0.0
10.9796,-0.366667,0,0.0,0.0
10.9898,-0.366217,0,0.0,0.0
11.0008,-0.365789,0,0.0,0.0
11.0118,-0.365434,0,0.0,0.0
11.0228,-0.365109,0,0.0,0.0
11.0338,-0.364808,0,0.0,0.0
11.0448,-0.364525,0,0.0,0.0
11.0558,-0.364261,0,0.0,0.0
11.0668,-0.364018,0,0.0,0.0
11.0778,-0.363785,0,0.0,0.0
11.0888,-0.363564,0,0.0,0.0
11.0998,-0.363359,0,0.0,0.0
11.1108,-0.363167,0,0.0,0.0
11.1218,-0.362986,0,0.0,0.0
11.1328,-0.362818,0,0.0,0.0
11.1438,-0.362643,0,0.0,0.0
11.1548,-0.362448,0,0.0,0.0
11.1658,-0.362229,0,0.0,0.0
11.1768,-0.361975,0,0.0,0.0
11.1878,-0.361678,0,0.0,0.0
11.1988,-0.360631,0,0.0,0.0
11.2041,-0.359259,0,0.0,0.0
11.2098,-0.357777,0,0.0,0.0
11.2208,-0.357053,0,0.0,0.0
11.2318,-0.356486,0,0.0,0.0
11.2428,-0.356051,0,0.0,0.0
11.2538,-0.358781,0,0.0,0.0
11.2648,-0.358305,0,0.0,0.0
11.2758,-0.357891,0,0.0,0.0
11.2868,-0.357515,0,0.0,0.0
11.2978,-0.357159,0,0.0,0.0
11.3088,-0.356828,0,0.0,0.0
11.3199,-0.356535,0,0.0,0.0
11.3309,-0.356269,0,0.0,0.0
11.3419,-0.356024,0,0.0,0.0
11.3529,-0.355797,0,0.0,0.0
11.3639,-0.355596,0,0.0,0.0
11.3749,-0.355415,0,0.0,0.0
11.3859,-0.355222,0,0.0,0.0
11.3969,-0.355004,0,0.0,0.0
11.4079,-0.354762,0,0.0,0.0
11.4189,-0.354492,0,0.0,0.0
11.4299,-0.354188,0,0.0,0.0
11.4409,-0.353842,0,0.0,0.0
11.4519,-0.353446,0,0.0,0.0
11.4629,-0.353006,0,0.0,0.0
11.4739,-0.352544,0,0.0,0.0
11.4849,-0.352059,0,0.0,0.0
11.4893,-0.351852,0,0.0,0.0
11.4959,-0.351549,0,0.0,0.0
11.5069,-0.35111,0,0.0,0.0
11.5179,-0.350737,0,0.0,0.0
11.5289,-0.350408,0,0.0,0.0
11.5399,-0.350119,0,0.0,0.0
11.5509,-0.349862,0,0.0,0.0
11.5619,-0.349631,0,0.0,0.0
11.5729,-0.349424,0,0.0,0.0
11.5839,-0.34924,0,0.0,0.0
11.5949,-0.349068,0,0.0,0.0
11.6059,-0.3489,0,0.0,0.0
11.6169,-0.348739,0,0.0,0.0
11.6279,-0.348589,0,0.0,0.0
11.6389,-0.348444,0,0.0,0.0
11.6499,-0.3483,0,0.0,0.0
11.6609,-0.348166,0,0.0,0.0
11.6719,-0.348016,0,0.0,0.0
11.6829,-0.347544,0,0.0,0.0
11.6939,-0.347774,0,0.0,0.0
11.7049,-0.347395,0,0.0,0.0
11.7159,-0.346862,0,0.0,0.0
11.727,-0.346506,0,0.0,0.0
11.738,-0.34657,0,0.0,0.0
11.7435,-0.345789,0,0.0,0.0
11.7447,-0.345803,0,0.0,0.0
11.749,-0.345254,0,0.0,0.0
11.7546,-0.345561,0,0.0,0.0
11.7533,-0.345612,0,0.0,0.0
11.76,-0.346031,0,0.0,0.0
11.771,-0.345704,0,0.0,0.0
11.782,-0.345356,0,0.0,0.0
11.793,-0.34515,0,0.0,0.0
11.804,-0.344905,0,0.0,0.0
11.815,-0.344621,0,0.0,0.0
11.8213,-0.344444,0,0.0,0.0
11.826,-0.344315,0,0.0,0.0
11.837,-0.343716,0,0.0,0.0
11.848,-0.343686,0,0.0,0.0
11.859,-0.343277,0,0.0,0.0
11.87,-0.342847,0,0.0,0.0
11.881,-0.34252,0,0.0,0.0
11.892,-0.342178,0,0.0,0.0
11.903,-0.34171,0,0.0,0.0
11.914,-0.340943,0,0.0,0.0
11.925,-0.340886,0,0.0,0.0
11.936,-0.340773,0,0.0,0.0
11.947,-0.340903,0,0.0,0.0
11.958,-0.34022,0,0.0,0.0
11.969,-0.339485,0,0.0,0.0
11.98,-0.339591,0,0.0,0.0
11.991,-0.340876,0,0.0,0.0
11.9957,-0.337037,0,0.0,0.0
12.002,-0.334444,0,0.0,0.0
12.013,-0.334462,0,0.0,0.0
12.024,-0.333847,0,0.0,0.0
12.0322,-0.337037,0,0.0,0.0
12.035,-0.339495,0,0.0,0.0
12.046,-0.337839,0,0.0,0.0
12.057,-0.337542,0,0.0,0.0
12.068,-0.337333,0,0.0,0.0
12.0718,-0.337246,0,0.0,0.0
12.0719,-0.337212,0,0.0,0.0
12.074,-0.337037,0,0.0,0.0
12.079,-0.335327,0,0.0,0.0
12.0841,-0.335826,0,0.0,0.0
12.0857,-0.336366,0,0.0,0.0
12.09,-0.336912,0,0.0,0.0
12.101,-0.335956,0,0.0,0.0
12.112,-0.334479,0,0.0,0.0
12.123,-0.33488,0,0.0,0.0
12.1341,-0.334367,0,0.0,0.0
12.1451,-0.334937,0,0.0,0.0
12.1561,-0.333562,0,0.0,0.0
12.1671,-0.33412,0,0.0,0.0
12.1781,-0.333618,0,0.0,0.0
12.1891,-0.333423,0,0.0,0.0
12.2001,-0.333107,0,0.0,0.0
12.2111,-0.333262,0,0.0,0.0
12.2221,-0.332957,0,0.0,0.0
12.2331,-0.332802,0,0.0,0.0
12.2441,-0.332008,0,0.0,0.0
12.2551,-0.332304,0,0.0,0.0
12.2661,-0.331357,0,0.0,0.0
12.2771,-0.331584,0,0.0,0.0
12.2881,-0.331412,0,0.0,0.0
12.2991,-0.33075,0,0.0,0.0
12.3101,-0.330436,0,0.0,0.0
12.3211,-0.33031,0,0.0,0.0
12.3252,-0.330143,0,0.0,0.0
12.3253,-0.330055,0,0.0,0.0
12.3281,-0.32963,0,0.0,0.0
12.3321,-0.328244,0,0.0,0.0
12.3361,-0.32963,0,0.0,0.0
12.339,-0.330039,0,0.0,0.0
12.3389,-0.329967,0,0.0,0.0
12.3431,-0.330059,0,0.0,0.0
12.3487,-0.32963,0,0.0,0.0
12.3541,-0.329195,0,0.0,0.0
12.3651,-0.329026,0,0.0,0.0
12.3761,-0.328623,0,0.0,0.0
12.3871,-0.328127,0,0.0,0.0
12.3981,-0.328182,0,0.0,0.0
12.4091,-0.32751,0,0.0,0.0
12.4201,-0.327951,0,0.0,0.0
12.4311,-0.327323,0,0.0,0.0
12.4421,-0.326469,0,0.0,0.0
12.4531,-0.326173,0,0.0,0.0
12.4641,-0.32608,0,0.0,0.0
12.4751,-0.325865,0,0.0,0.0
12.4861,-0.325904,0,0.0,0.0
12.4971,-0.325394,0,0.0,0.0
12.5081,-0.3251,0,0.0,0.0
12.5191,-0.324842,0,0.0,0.0
12.5301,-0.324093,0,0.0,0.0
12.5412,-0.323848,0,0.0,0.0
12.5522,-0.323962,0,0.0,0.0
12.5632,-0.323887,0,0.0,0.0
12.5742,-0.323026,0,0.0,0.0
12.5852,-0.322489,0,0.0,0.0
12.5962,-0.322291,0,0.0,0.0
12.5987,-0.322222,0,0.0,0.0
12.6072,-0.32176,0,0.0,0.0
12.6182,-0.321509,0,0.0,0.0
12.6292,-0.321178,0,0.0,0.0
12.6402,-0.320853,0,0.0,0.0
12.6512,-0.320535,0,0.0,0.0
12.6622,-0.320224,0,0.0,0.0
12.6732,-0.319972,0,0.0,0.0
12.6842,-0.319915,0,0.0,0.0
12.6952,-0.319205,0,0.0,0.0
12.7062,-0.318547,0,0.0,0.0
12.7172,-0.318287,0,0.0,0.0
12.7282,-0.31791,0,0.0,0.0
12.7392,-0.318039,0,0.0,0.0
12.7502,-0.317909,0,0.0,0.0
12.7612,-0.316773,0,0.0,0.0
12.7722,-0.316872,0,0.0,0.0
12.7832,-0.316341,0,0.0,0.0
12.7942,-0.316282,0,0.0,0.0
12.8052,-0.315956,0,0.0,0.0
12.8162,-0.315653,0,0.0,0.0
12.8272,-0.315418,0,0.0,0.0
12.8382,-0.31524,0,0.0,0.0
12.8474,-0.314815,0,0.0,0.0
12.844,-0.314975,0,0.0,0.0
12.8433,-0.314996,0,0.0,0.0
12.8492,-0.314741,0,0.0,0.0
12.8533,-0.314543,0,0.0,0.0
12.8545,-0.314488,0,0.0,0.0
12.8602,-0.314205,0,0.0,0.0
12.8712,-0.314098,0,0.0,0.0
12.8822,-0.313398,0,0.0,0.0
12.8932,-0.31334,0,0.0,0.0
12.9042,-0.31259,0,0.0,0.0
12.9152,-0.312586,0,0.0,0.0
12.9262,-0.311933,0,0.0,0.0
12.9372,-0.311731,0,0.0,0.0
12.9482,-0.311592,0,0.0,0.0
12.9593,-0.310971,0,0.0,0.0
12.9703,-0.310711,0,0.0,0.0
12.9813,-0.310368,0,0.0,0.0
12.9923,-0.310033,0,0.0,0.0
13.0033,-0.309696,0,0.0,0.0
13.0143,-0.309356,0,0.0,0.0
13.0253,-0.309049,0,0.0,0.0
13.0363,-0.308851,0,0.0,0.0
13.0473,-0.308389,0,0.0,0.0
13.0583,-0.30806,0,0.0,0.0
13.0643,-0.307715,0,0.0,0.0
13.0649,-0.307687,0,0.0,0.0
13.0693,-0.307437,0,0.0,0.0
13.0698,-0.307407,0,0.0,0.0
13.0748,-0.307124,0,0.0,0.0
13.0752,-0.307407,0,0.0,0.0
13.0803,-0.30907,0,0.0,0.0
13.0852,-0.307407,0,0.0,0.0
13.0875,-0.307176,0,0.0,0.0
13.0874,-0.30722,0,0.0,0.0
13.0913,-0.307106,0,0.0,0.0
13.1023,-0.306507,0,0.0,0.0
13.1133,-0.306275,0,0.0,0.0
13.1243,-0.305927,0,0.0,0.0
13.1353,-0.304662,0,0.0,0.0
13.1404,-0.305529,0,0.0,0.0
13.1404,-0.305572,0,0.0,0.0
13.1458,-0.307407,0,0.0,0.0
13.1463,-0.307607,0,0.0,0.0
13.1468,-0.307407,0,0.0,0.0
13.1521,-0.305774,0,0.0,0.0
13.1521,-0.305805,0,0.0,0.0
13.1573,-0.305252,0,0.0,0.0
13.1683,-0.304412,0,0.0,0.0
13.1793,-0.30381,0,0.0,0.0
13.1903,-0.303596,0,0.0,0.0
13.2013,-0.303053,0,0.0,0.0
13.2123,-0.303319,0,0.0,0.0
13.2233,-0.302504,0,0.0,0.0
13.2343,-0.302833,0,0.0,0.0
13.2453,-0.301579,0,0.0,0.0
13.2563,-0.301187,0,0.0,0.0
13.2673,-0.301675,0,0.0,0.0
13.2783,-0.30115,0,0.0,0.0
13.2893,-0.300819,0,0.0,0.0
13.3003,-0.301084,0,0.0,0.0
13.3113,-0.300576,0,0.0,0.0
13.3223,-0.300006,0,0.0,0.0
13.3177,-0.300249,0,0.0,0.0
13.3179,-0.300243,0,0.0,0.0
13.3224,-0.3,0,0.0,0.0
13.327,-0.299636,0,0.0,0.0
13.3268,-0.299646,0,0.0,0.0
13.3333,-0.299136,0,0.0,0.0
13.3443,-0.298704,0,0.0,0.0
13.3553,-0.29847,0,0.0,0.0
13.3664,-0.298332,0,0.0,0.0
13.3774,-0.297732,0,0.0,0.0
13.3884,-0.297856,0,0.0,0.0
13.3994,-0.29693,0,0.0,0.0
13.4104,-0.296454,0,0.0,0.0
13.4214,-0.297218,0,0.0,0.0
13.4324,-0.297156,0,0.0,0.0
13.4434,-0.296185,0,0.0,0.0
13.4544,-0.295905,0,0.0,0.0
13.4654,-0.29502,0,0.0,0.0
13.4764,-0.294676,0,0.0,0.0
13.4874,-0.294732,0,0.0,0.0
13.4984,-0.294659,0,0.0,0.0
13.5094,-0.293861,0,0.0,0.0
13.5204,-0.29336,0,0.0,0.0
13.5314,-0.293482,0,0.0,0.0
13.5359,-0.293797,0,0.0,0.0
13.5372,-0.294163,0,0.0,0.0
13.5424,-0.294282,0,0.0,0.0
13.546,-0.292593,0,0.0,0.0
13.549,-0.291488,0,0.0,0.0
13.5492,-0.291228,0,0.0,0.0
13.5534,-0.290645,0,0.0,0.0
13.5644,-0.291302,0,0.0,0.0
13.5754,-0.289879,0,0.0,0.0
13.5803,-0.290748,0,0.0,0.0
13.5805,-0.290903,0,0.0,0.0
13.5849,-0.292593,0,0.0,0.0
13.5864,-0.293231,0,0.0,0.0
13.598,-0.292593,0,0.0,0.0
13.6036,-0.29091,0,0.0,0.0
13.5974,-0.292753,0,0.0,0.0
13.6036,-0.290925,0,0.0,0.0
13.6084,-0.290357,0,0.0,0.0
13.6194,-0.289801,0,0.0,0.0
13.6304,-0.289328,0,0.0,0.0
13.6414,-0.289622,0,0.0,0.0
13.6524,-0.287981,0,0.0,0.0
13.6634,-0.287749,0,0.0,0.0
13.6744,-0.288233,0,0.0,0.0
13.6854,-0.28752,0,0.0,0.0
13.6964,-0.287064,0,0.0,0.0
13.7074,-0.286762,0,0.0,0.0
13.7184,-0.286519,0,0.0,0.0
13.7294,-0.286172,0,0.0,0.0
13.7404,-0.28582,0,0.0,0.0
13.7514,-0.285432,0,0.0,0.0
13.7579,-0.285185,0,0.0,0.0
13.7624,-0.285004,0,0.0,0.0
13.7735,-0.283712,0,0.0,0.0
13.7845,-0.283087,0,0.0,0.0
13.7955,-0.283889,0,0.0,0.0
13.8065,-0.282923,0,0.0,0.0
13.8175,-0.282917,0,0.0,0.0
13.8285,-0.282539,0,0.0,0.0
13.8395,-0.28277,0,0.0,0.0
13.8505,-0.28216,0,0.0,0.0
13.8615,-0.281954,0,0.0,0.0
13.8725,-0.281859,0,0.0,0.0
13.8835,-0.280826,0,0.0,0.0
13.8945,-0.28023,0,0.0,0.0
13.9055,-0.279912,0,0.0,0.0
13.9165,-0.279397,0,0.0,0.0
13.9275,-0.279151,0,0.0,0.0
13.9385,-0.278792,0,0.0,0.0
13.9495,-0.278427,0,0.0,0.0
13.9553,-0.277778,0,0.0,0.0
13.9605,-0.276728,0,0.0,0.0
13.9715,-0.276729,0,0.0,0.0
13.9825,-0.276701,0,0.0,0.0
13.9935,-0.276569,0,0.0,0.0
14.0045,-0.276161,0,0.0,0.0
14.0155,-0.275693,0,0.0,0.0
14.0265,-0.27534,0,0.0,0.0
14.0375,-0.275071,0,0.0,0.0
14.0485,-0.274682,0,0.0,0.0
14.0595,-0.273667,0,0.0,0.0
14.0705,-0.274557,0,0.0,0.0
14.0815,-0.273559,0,0.0,0.0
14.0925,-0.272992,0,0.0,0.0
14.1035,-0.272802,0,0.0,0.0
14.1145,-0.272203,0,0.0,0.0
14.1255,-0.271788,0,0.0,0.0
14.1365,-0.271707,0,0.0,0.0
14.1475,-0.271647,0,0.0,0.0
14.1585,-0.270597,0,0.0,0.0
14.1637,-0.270573,0,0.0,0.0
14.1641,-0.270583,0,0.0,0.0
14.1695,-0.270449,0,0.0,0.0
14.17,-0.27037,0,0.0,0.0
14.1748,-0.269898,0,0.0,0.0
14.1746,-0.269933,0,0.0,0.0
14.1806,-0.269401,0,0.0,0.0
14.1916,-0.269026,0,0.0,0.0
14.2026,-0.268992,0,0.0,0.0
14.2136,-0.268763,0,0.0,0.0
14.2246,-0.267748,0,0.0,0.0
14.2356,-0.267179,0,0.0,0.0
14.2466,-0.266692,0,0.0,0.0
14.2576,-0.266232,0,0.0,0.0
14.2686,-0.265782,0,0.0,0.0
14.2796,-0.265506,0,0.0,0.0
14.2906,-0.265149,0,0.0,0.0
14.3016,-0.264597,0,0.0,0.0
14.3126,-0.263856,0,0.0,0.0
14.3236,-0.264137,0,0.0,0.0
14.3283,-0.26429,0,0.0,0.0
14.3296,-0.264613,0,0.0,0.0
14.3346,-0.26463,0,0.0,0.0
14.3383,-0.262963,0,0.0,0.0
14.3412,-0.261994,0,0.0,0.0
14.3414,-0.261782,0,0.0,0.0
14.3456,-0.261287,0,0.0,0.0
14.3566,-0.261786,0,0.0,0.0
14.3676,-0.261187,0,0.0,0.0
14.3786,-0.260526,0,0.0,0.0
14.3896,-0.259967,0,0.0,0.0
14.4006,-0.259562,0,0.0,0.0
14.4116,-0.259363,0,0.0,0.0
14.4226,-0.258773,0,0.0,0.0
14.4336,-0.258359,0,0.0,0.0
14.4446,-0.257451,0,0.0,0.0
14.4556,-0.256997,0,0.0,0.0
14.4666,-0.256493,0,0.0,0.0
14.4776,-0.255817,0,0.0,0.0
14.484,-0.255556,0,0.0,0.0
14.4886,-0.255297,0,0.0,0.0
14.4996,-0.254568,0,0.0,0.0
14.5106,-0.254297,0,0.0,0.0
14.5216,-0.253678,0,0.0,0.0
14.5326,-0.252653,0,0.0,0.0
14.5436,-0.251946,0,0.0,0.0
14.5546,-0.252341,0,0.0,0.0
14.5656,-0.250871,0,0.0,0.0
14.5766,-0.249957,0,0.0,0.0
14.5877,-0.249496,0,0.0,0.0
14.5987,-0.248865,0,0.0,0.0
14.6095,-0.248148,0,0.0,0.0
14.6097,-0.248137,0,0.0,0.0
14.6207,-0.247323,0,0.0,0.0
14.6317,-0.246526,0,0.0,0.0
14.6427,-0.245755,0,0.0,0.0
14.6537,-0.244975,0,0.0,0.0
14.6647,-0.244494,0,0.0,0.0
14.6757,-0.24406,0,0.0,0.0
14.6867,-0.242684,0,0.0,0.0
14.6977,-0.241938,0,0.0,0.0
14.7087,-0.241648,0,0.0,0.0
14.7159,-0.240741,0,0.0,0.0
14.7197,-0.240152,0,0.0,0.0
14.7307,-0.239188,0,0.0,0.0
14.7417,-0.238373,0,0.0,0.0
14.7527,-0.237535,0,0.0,0.0
14.7637,-0.236792,0,0.0,0.0
14.7747,-0.235449,0,0.0,0.0
14.7857,-0.23455,0,0.0,0.0
14.7947,-0.233333,0,0.0,0.0
14.7967,-0.232807,0,0.0,0.0
14.8077,-0.232227,0,0.0,0.0
14.8187,-0.230782,0,0.0,0.0
14.8297,-0.231138,0,0.0,0.0
14.8407,-0.228653,0,0.0,0.0
14.8517,-0.227945,0,0.0,0.0
14.8627,-0.2267,0,0.0,0.0
14.8718,-0.225926,0,0.0,0.0
14.8677,-0.226315,0,0.0,0.0
14.8684,-0.226231,0,0.0,0.0
14.8737,-0.225679,0,0.0,0.0
14.8777,-0.224862,0,0.0,0.0
14.879,-0.224674,0,0.0,0.0
14.8847,-0.223451,0,0.0,0.0
14.8957,-0.222504,0,0.0,0.0
14.9067,-0.222215,0,0.0,0.0
14.9177,-0.219464,0,0.0,0.0
14.9226,-0.219032,0,0.0,0.0
14.9227,-0.219026,0,0.0,0.0
14.9279,-0.218519,0,0.0,0.0
14.9287,-0.218422,0,0.0,0.0
14.9338,-0.217549,0,0.0,0.0
14.9341,-0.217504,0,0.0,0.0
14.9397,-0.216556,0,0.0,0.0
14.9507,-0.214401,0,0.0,0.0
14.9617,-0.212635,0,0.0,0.0
14.967,-0.212127,0,0.0,0.0
14.9678,-0.212138,0,0.0,0.0
14.9727,-0.211619,0,0.0,0.0
14.9739,-0.211111,0,0.0,0.0
14.9778,-0.209907,0,0.0,0.0
14.9784,-0.209688,0,0.0,0.0
14.9837,-0.208323,0,0.0,0.0
14.9948,-0.206585,0,0.0,0.0
15.0058,-0.204434,0,0.0,0.0
15.0082,-0.203704,0,0.0,0.0
15.0168,-0.201349,0,0.0,0.0
15.0278,-0.199543,0,0.0,0.0
15.0333,-0.198188,0,0.0,0.0
15.0348,-0.197986,0,0.0,0.0
15.0388,-0.197095,0,0.0,0.0
15.0404,-0.196296,0,0.0,0.0
15.0437,-0.195221,0,0.0,0.0
15.0447,-0.194822,0,0.0,0.0
15.0498,-0.193336,0,0.0,0.0
15.0608,-0.190804,0,0.0,0.0
15.0662,-0.188889,0,0.0,0.0
15.0718,-0.186835,0,0.0,0.0
15.0828,-0.184075,0,0.0,0.0
15.0887,-0.181481,0,0.0,0.0
15.0938,-0.179203,0,0.0,0.0
15.1048,-0.176465,0,0.0,0.0
15.1085,-0.174074,0,0.0,0.0
15.1158,-0.170627,0,0.0,0.0
15.1226,-0.166667,0,0.0,0.0
15.1268,-0.163469,0,0.0,0.0
15.1375,-0.159259,0,0.0,0.0
15.1378,-0.159112,0,0.0,0.0
15.1488,-0.152207,0,0.0,0.0
15.1493,-0.151852,0,0.0,0.0
15.1583,-0.144444,0,0.0,0.0
15.1598,-0.143434,0,0.0,0.0
15.1673,-0.137037,0,0.0,0.0
15.1708,-0.13415,0,0.0,0.0
15.1759,-0.12963,0,0.0,0.0
15.1818,-0.12419,0,0.0,0.0
15.1847,-0.122222,0,0.0,0.0
15.1877,-0.114815,0,0.0,0.0
15.1928,-0.10999,0,0.0,0.0
15.1962,-0.107407,0,0.0,0.0
15.1993,-0.1,0,0.0,0.0
15.2038,-0.0960041,0,0.0,0.0
15.208,-0.0925926,0,0.0,0.0
15.2076,-0.0851852,0,0.0,0.0
15.2106,-0.0777778,0,0.0,0.0
15.2148,-0.0706,0,0.0,0.0
15.215,-0.0703704,0,0.0,0.0
15.2194,-0.062963,0,0.0,0.0
15.2199,-0.0555556,0,0.0,0.0
15.221,-0.0481481,0,0.0,0.0
15.2226,-0.0407407,0,0.0,0.0
15.2258,-0.0358086,0,0.0,0.0
15.2277,-0.0333333,0,0.0,0.0
15.2275,-0.0300129,0,0.0,0.0
15.2277,-0.0293316,0,0.0,0.0
15.2273,-0.0259259,0,0.0,0.0
15.2282,-0.0227206,0,0.0,0.0
15.2289,-0.0185185,0,0.0,0.0
15.228,-0.0220393,0,0.0,0.0
15.228,-0.0111111,0,0.0,0.0
15.2285,-0.0037037,0,0.0,0.0
15.229,0.0037037,0,0.0,0.0
15.229,0.0111111,0,0.0,0.0
15.2289,0.0185185,0,0.0,0.0
15.2282,0.022896,0,0.0,0.0
15.2276,0.0259259,0,0.0,0.0
15.228,0.0220709,0,0.0,0.0
15.2278,0.029129,0,0.0,0.0
15.2275,0.0299542,0,0.0,0.0
15.2277,0.0333333,0,0.0,0.0
15.2258,0.0358649,0,0.0,0.0
15.2226,0.0407407,0,0.0,0.0
15.221,0.0481481,0,0.0,0.0
15.2199,0.0555556,0,0.0,0.0
15.2194,0.062963,0,0.0,0.0
15.2149,0.0703704,0,0.0,0.0
15.2148,0.0704657,0,0.0,0.0
15.2106,0.0777778,0,0.0,0.0
15.2076,0.0851852,0,0.0,0.0
15.2038,0.0959237,0,0.0,0.0
15.2079,0.0925926,0,0.0,0.0
15.1993,0.1,0,0.0,0.0
15.1961,0.107407,0,0.0,0.0
15.1928,0.109899,0,0.0,0.0
15.1876,0.114815,0,0.0,0.0
15.1845,0.122222,0,0.0,0.0
15.1818,0.124071,0,0.0,0.0
15.1758,0.12963,0,0.0,0.0
15.1708,0.13402,0,0.0,0.0
15.1672,0.137037,0,0.0,0.0
15.1598,0.143304,0,0.0,0.0
15.1581,0.144444,0,0.0,0.0
15.149,0.151852,0,0.0,0.0
15.1488,0.151991,0,0.0,0.0
15.1378,0.15888,0,0.0,0.0
15.137,0.159259,0,0.0,0.0
15.1268,0.163386,0,0.0,0.0
15.1225,0.166667,0,0.0,0.0
15.1158,0.170581,0,0.0,0.0
15.1082,0.174074,0,0.0,0.0
15.1048,0.176307,0,0.0,0.0
15.0938,0.179113,0,0.0,0.0
15.0894,0.181481,0,0.0,0.0
15.0828,0.184636,0,0.0,0.0
15.0718,0.186756,0,0.0,0.0
15.0665,0.188889,0,0.0,0.0
15.0608,0.191435,0,0.0,0.0
15.0498,0.19355,0,0.0,0.0
15.0388,0.195735,0,0.0,0.0
15.0367,0.196296,0,0.0,0.0
15.0278,0.198766,0,0.0,0.0
15.0168,0.20162,0,0.0,0.0
15.0084,0.203704,0,0.0,0.0
15.0058,0.204387,0,0.0,0.0
14.9948,0.206671,0,0.0,0.0
14.9837,0.208641,0,0.0,0.0
14.9727,0.210751,0,0.0,0.0
14.971,0.211111,0,0.0,0.0
14.9617,0.212736,0,0.0,0.0
14.9507,0.214433,0,0.0,0.0
14.9397,0.216109,0,0.0,0.0
14.9345,0.217302,0,0.0,0.0
14.934,0.217485,0,0.0,0.0
14.9301,0.218519,0,0.0,0.0
14.9287,0.21895,0,0.0,0.0
14.9237,0.219204,0,0.0,0.0
14.9228,0.219152,0,0.0,0.0
14.9177,0.219318,0,0.0,0.0
14.9067,0.222796,0,0.0,0.0
14.8957,0.223383,0,0.0,0.0
14.8847,0.224222,0,0.0,0.0
14.8737,0.225349,0,0.0,0.0
14.869,0.225926,0,0.0,0.0
14.8627,0.226804,0,0.0,0.0
14.8517,0.227966,0,0.0,0.0
14.8407,0.229325,0,0.0,0.0
14.8297,0.232958,0,0.0,0.0
14.8187,0.230174,0,0.0,0.0
14.8077,0.232169,0,0.0,0.0
14.7967,0.23297,0,0.0,0.0
14.7953,0.233333,0,0.0,0.0
14.7857,0.2346,0,0.0,0.0
14.7747,0.235484,0,0.0,0.0
14.7637,0.236747,0,0.0,0.0
14.7527,0.237086,0,0.0,0.0
14.7417,0.238216,0,0.0,0.0
14.7307,0.239128,0,0.0,0.0
14.7197,0.240066,0,0.0,0.0
14.7141,0.240741,0,0.0,0.0
14.7087,0.241299,0,0.0,0.0
14.6977,0.24196,0,0.0,0.0
14.6867,0.242705,0,0.0,0.0
14.6757,0.244468,0,0.0,0.0
14.6647,0.244522,0,0.0,0.0
14.6537,0.245155,0,0.0,0.0
14.6427,0.245819,0,0.0,0.0
14.6317,0.246616,0,0.0,0.0
14.6207,0.24733,0,0.0,0.0
14.615,0.247679,0,0.0,0.0
14.6086,0.248148,0,0.0,0.0
14.6051,0.24841,0,0.0,0.0
14.6039,0.248513,0,0.0,0.0
14.6135,0.247738,0,0.0,0.0
14.6097,0.247966,0,0.0,0.0
14.5987,0.248893,0,0.0,0.0
14.5877,0.24949,0,0.0,0.0
14.5766,0.24876,0,0.0,0.0
14.5656,0.251673,0,0.0,0.0
14.5546,0.253407,0,0.0,0.0
14.5436,0.252128,0,0.0,0.0
14.5326,0.253147,0,0.0,0.0
14.5216,0.253389,0,0.0,0.0
14.5106,0.254336,0,0.0,0.0
14.4996,0.25448,0,0.0,0.0
14.4886,0.25512,0,0.0,0.0
14.4829,0.25532,0,0.0,0.0
14.4823,0.255339,0,0.0,0.0
14.4776,0.255504,0,0.0,0.0
14.4774,0.255556,0,0.0,0.0
14.4732,0.255982,0,0.0,0.0
14.4726,0.256037,0,0.0,0.0
14.4666,0.256639,0,0.0,0.0
14.4556,0.257092,0,0.0,0.0
14.4446,0.25741,0,0.0,0.0
14.4336,0.258315,0,0.0,0.0
14.4226,0.258501,0,0.0,0.0
14.4116,0.259485,0,0.0,0.0
14.4006,0.260491,0,0.0,0.0
14.3896,0.259654,0,0.0,0.0
14.3786,0.260446,0,0.0,0.0
14.3676,0.261137,0,0.0,0.0
14.3566,0.261613,0,0.0,0.0
14.3456,0.262122,0,0.0,0.0
14.3346,0.262597,0,0.0,0.0
14.3319,0.262963,0,0.0,0.0
14.3236,0.263523,0,0.0,0.0
14.3126,0.26375,0,0.0,0.0
14.3016,0.264554,0,0.0,0.0
14.2906,0.265672,0,0.0,0.0
14.2796,0.265896,0,0.0,0.0
14.2686,0.266101,0,0.0,0.0
14.2576,0.266649,0,0.0,0.0
14.2466,0.266677,0,0.0,0.0
14.2356,0.267101,0,0.0,0.0
14.2246,0.267364,0,0.0,0.0
14.2136,0.267978,0,0.0,0.0
14.2026,0.268409,0,0.0,0.0
14.1916,0.26895,0,0.0,0.0
14.1806,0.269652,0,0.0,0.0
14.1695,0.269985,0,0.0,0.0
14.1644,0.27037,0,0.0,0.0
14.1585,0.270676,0,0.0,0.0
14.1475,0.270621,0,0.0,0.0
14.1365,0.271436,0,0.0,0.0
14.1255,0.271822,0,0.0,0.0
14.1145,0.27247,0,0.0,0.0
14.1035,0.272611,0,0.0,0.0
14.0925,0.272562,0,0.0,0.0
14.0815,0.273634,0,0.0,0.0
14.0705,0.273927,0,0.0,0.0
14.0595,0.273843,0,0.0,0.0
14.0485,0.274181,0,0.0,0.0
14.0375,0.275083,0,0.0,0.0
14.0265,0.275362,0,0.0,0.0
14.0209,0.276181,0,0.0,0.0
14.0205,0.276167,0,0.0,0.0
14.0124,0.277778,0,0.0,0.0
14.0155,0.27732,0,0.0,0.0
14.0045,0.278763,0,0.0,0.0
14.0019,0.277778,0,0.0,0.0
13.998,0.276586,0,0.0,0.0
13.9982,0.276753,0,0.0,0.0
13.9935,0.27615,0,0.0,0.0
13.9825,0.276933,0,0.0,0.0
13.9715,0.277199,0,0.0,0.0
13.9605,0.277384,0,0.0,0.0
13.9581,0.277778,0,0.0,0.0
13.9495,0.278427,0,0.0,0.0
13.9385,0.278795,0,0.0,0.0
13.9275,0.279163,0,0.0,0.0
13.9165,0.279484,0,0.0,0.0
13.9055,0.279905,0,0.0,0.0
13.8945,0.280252,0,0.0,0.0
13.8835,0.280621,0,0.0,0.0
13.8725,0.280984,0,0.0,0.0
13.8615,0.281373,0,0.0,0.0
13.8505,0.28176,0,0.0,0.0
13.8395,0.282349,0,0.0,0.0
13.8285,0.283235,0,0.0,0.0
13.8175,0.283072,0,0.0,0.0
13.8065,0.283448,0,0.0,0.0
13.7955,0.283808,0,0.0,0.0
13.7845,0.284534,0,0.0,0.0
13.7735,0.284628,0,0.0,0.0
13.7624,0.285069,0,0.0,0.0
13.7587,0.28511,0,0.0,0.0
13.7587,0.285093,0,0.0,0.0
13.7567,0.285185,0,0.0,0.0
13.7514,0.28695,0,0.0,0.0
13.7473,0.286582,0,0.0,0.0
13.7455,0.286102,0,0.0,0.0
13.7404,0.2858,0,0.0,0.0
13.7294,0.286161,0,0.0,0.0
13.7184,0.286505,0,0.0,0.0
13.7074,0.286834,0,0.0,0.0
13.6964,0.287308,0,0.0,0.0
13.6854,0.287707,0,0.0,0.0
13.6744,0.288152,0,0.0,0.0
13.6634,0.288641,0,0.0,0.0
13.6524,0.288819,0,0.0,0.0
13.6414,0.288551,0,0.0,0.0
13.6304,0.290726,0,0.0,0.0
13.6194,0.288637,0,0.0,0.0
13.6084,0.288987,0,0.0,0.0
13.6031,0.290641,0,0.0,0.0
13.6033,0.290471,0,0.0,0.0
13.5986,0.292593,0,0.0,0.0
13.5974,0.293141,0,0.0,0.0
13.5959,0.292593,0,0.0,0.0
13.5914,0.291167,0,0.0,0.0
13.5912,0.291059,0,0.0,0.0
13.5864,0.290366,0,0.0,0.0
13.5754,0.291345,0,0.0,0.0
13.5644,0.291751,0,0.0,0.0
13.5534,0.292128,0,0.0,0.0
13.5424,0.292367,0,0.0,0.0
13.54,0.292593,0,0.0,0.0
13.5314,0.292993,0,0.0,0.0
13.5204,0.293418,0,0.0,0.0
13.5094,0.293887,0,0.0,0.0
13.4984,0.294213,0,0.0,0.0
13.4874,0.294556,0,0.0,0.0
13.4764,0.294692,0,0.0,0.0
13.4654,0.295059,0,0.0,0.0
13.4544,0.296026,0,0.0,0.0
13.4434,0.296058,0,0.0,0.0
13.4324,0.297399,0,0.0,0.0
13.4214,0.296895,0,0.0,0.0
13.4104,0.296874,0,0.0,0.0
13.3994,0.297073,0,0.0,0.0
13.3884,0.297498,0,0.0,0.0
13.3774,0.297834,0,0.0,0.0
13.3664,0.298162,0,0.0,0.0
13.3553,0.298425,0,0.0,0.0
13.3443,0.29882,0,0.0,0.0
13.3333,0.299408,0,0.0,0.0
13.3278,0.299733,0,0.0,0.0
13.328,0.299717,0,0.0,0.0
13.3232,0.3,0,0.0,0.0
13.3223,0.300056,0,0.0,0.0
13.3178,0.300304,0,0.0,0.0
13.3173,0.30031,0,0.0,0.0
13.3113,0.30059,0,0.0,0.0
13.3003,0.301701,0,0.0,0.0
13.2893,0.301132,0,0.0,0.0
13.2783,0.301187,0,0.0,0.0
13.2673,0.30184,0,0.0,0.0
13.2563,0.301952,0,0.0,0.0
13.2453,0.302337,0,0.0,0.0
13.2343,0.302748,0,0.0,0.0
13.2233,0.302851,0,0.0,0.0
13.2123,0.302935,0,0.0,0.0
13.2013,0.303271,0,0.0,0.0
13.1903,0.303493,0,0.0,0.0
13.1793,0.30422,0,0.0,0.0
13.1683,0.304609,0,0.0,0.0
13.1573,0.304969,0,0.0,0.0
13.1463,0.305376,0,0.0,0.0
13.1408,0.305913,0,0.0,0.0
13.1408,0.305918,0,0.0,0.0
13.1353,0.307344,0,0.0,0.0
13.1297,0.305627,0,0.0,0.0
13.1297,0.305631,0,0.0,0.0
13.1243,0.304661,0,0.0,0.0
13.1133,0.304614,0,0.0,0.0
13.1089,0.305665,0,0.0,0.0
13.1086,0.30599,0,0.0,0.0
13.1023,0.308962,0,0.0,0.0
13.1054,0.307407,0,0.0,0.0
13.0955,0.306181,0,0.0,0.0
13.0957,0.306373,0,0.0,0.0
13.0988,0.307407,0,0.0,0.0
13.0913,0.305689,0,0.0,0.0
13.0803,0.307483,0,0.0,0.0
13.0811,0.307407,0,0.0,0.0
13.0693,0.30771,0,0.0,0.0
13.0583,0.308034,0,0.0,0.0
13.0473,0.308362,0,0.0,0.0
13.0363,0.308917,0,0.0,0.0
13.0253,0.310275,0,0.0,0.0
13.0143,0.309298,0,0.0,0.0
13.0033,0.310638,0,0.0,0.0
12.9923,0.310481,0,0.0,0.0
12.9813,0.311331,0,0.0,0.0
12.9703,0.311337,0,0.0,0.0
12.9593,0.311709,0,0.0,0.0
12.9482,0.312393,0,0.0,0.0
12.9372,0.31249,0,0.0,0.0
12.9262,0.312371,0,0.0,0.0
12.9152,0.312272,0,0.0,0.0
12.9042,0.313074,0,0.0,0.0
12.8932,0.313346,0,0.0,0.0
12.8822,0.313491,0,0.0,0.0
12.8712,0.313877,0,0.0,0.0
12.8602,0.313649,0,0.0,0.0
12.8492,0.314416,0,0.0,0.0
12.8417,0.314815,0,0.0,0.0
12.8382,0.314945,0,0.0,0.0
12.8272,0.315271,0,0.0,0.0
12.8162,0.315589,0,0.0,0.0
12.8052,0.315886,0,0.0,0.0
12.7942,0.315976,0,0.0,0.0
12.7832,0.31707,0,0.0,0.0
12.7722,0.316604,0,0.0,0.0
12.7612,0.31701,0,0.0,0.0
12.7502,0.318876,0,0.0,0.0
12.7392,0.318062,0,0.0,0.0
12.7282,0.317879,0,0.0,0.0
12.7172,0.318198,0,0.0,0.0
12.7062,0.318838,0,0.0,0.0
12.6952,0.31906,0,0.0,0.0
12.6842,0.319306,0,0.0,0.0
12.6732,0.31981,0,0.0,0.0
12.6622,0.320215,0,0.0,0.0
12.6565,0.321245,0,0.0,0.0
12.6567,0.321182,0,0.0,0.0
12.6519,0.322222,0,0.0,0.0
12.6506,0.322222,0,0.0,0.0
12.6512,0.322417,0,0.0,0.0
12.6458,0.320988,0,0.0,0.0
12.646,0.321114,0,0.0,0.0
12.6402,0.319875,0,0.0,0.0
12.6292,0.320894,0,0.0,0.0
12.6182,0.320206,0,0.0,0.0
12.6137,0.321081,0,0.0,0.0
12.6139,0.320801,0,0.0,0.0
12.6072,0.323935,0,0.0,0.0
12.6107,0.322222,0,0.0,0.0
12.6019,0.323812,0,0.0,0.0
12.6006,0.323459,0,0.0,0.0
12.5962,0.323132,0,0.0,0.0
12.5852,0.322421,0,0.0,0.0
12.5742,0.322971,0,0.0,0.0
12.5632,0.323413,0,0.0,0.0
12.5522,0.32369,0,0.0,0.0
12.5412,0.323793,0,0.0,0.0
12.5301,0.324262,0,0.0,0.0
12.5191,0.324537,0,0.0,0.0
12.5081,0.325098,0,0.0,0.0
12.4971,0.325508,0,0.0,0.0
12.4861,0.325473,0,0.0,0.0
12.4751,0.326221,0,0.0,0.0
12.4641,0.326699,0,0.0,0.0
12.4531,0.326148,0,0.0,0.0
12.4421,0.326573,0,0.0,0.0
12.4311,0.326996,0,0.0,0.0
12.4201,0.327278,0,0.0,0.0
12.4091,0.32734,0,0.0,0.0
12.3981,0.327935,0,0.0,0.0
12.3871,0.328177,0,0.0,0.0
12.3761,0.328711,0,0.0,0.0
12.3651,0.329047,0,0.0,0.0
12.3541,0.329229,0,0.0,0.0
12.3413,0.32963,0,0.0,0.0
12.3431,0.32958,0,0.0,0.0
12.3321,0.32989,0,0.0,0.0
12.3211,0.330191,0,0.0,0.0
12.3101,0.330475,0,0.0,0.0
12.2991,0.331052,0,0.0,0.0
12.2881,0.331314,0,0.0,0.0
12.2771,0.330997,0,0.0,0.0
12.2661,0.331927,0,0.0,0.0
12.2551,0.331734,0,0.0,0.0
12.2441,0.332252,0,0.0,0.0
12.2331,0.332049,0,0.0,0.0
12.2221,0.332693,0,0.0,0.0
12.2111,0.333289,0,0.0,0.0
12.2001,0.333827,0,0.0,0.0
12.1891,0.334165,0,0.0,0.0
12.1781,0.33416,0,0.0,0.0
12.1671,0.333242,0,0.0,0.0
12.1561,0.334198,0,0.0,0.0
12.1451,0.333993,0,0.0,0.0
12.1341,0.334959,0,0.0,0.0
12.123,0.33491,0,0.0,0.0
12.112,0.334459,0,0.0,0.0
12.101,0.334951,0,0.0,0.0
12.09,0.335425,0,0.0,0.0
12.079,0.336992,0,0.0,0.0
12.0769,0.337037,0,0.0,0.0
12.068,0.337305,0,0.0,0.0
12.057,0.337578,0,0.0,0.0
12.046,0.33812,0,0.0,0.0
12.035,0.338467,0,0.0,0.0
12.024,0.338678,0,0.0,0.0
12.013,0.338801,0,0.0,0.0
12.002,0.339064,0,0.0,0.0
11.991,0.339947,0,0.0,0.0
11.9857,0.339044,0,0.0,0.0
11.9853,0.339092,0,0.0,0.0
11.98,0.337729,0,0.0,0.0
11.9744,0.339239,0,0.0,0.0
11.974,0.339291,0,0.0,0.0
11.969,0.34033,0,0.0,0.0
11.958,0.339063,0,0.0,0.0
11.947,0.341106,0,0.0,0.0
11.936,0.340915,0,0.0,0.0
11.925,0.341239,0,0.0,0.0
11.914,0.341424,0,0.0,0.0
11.903,0.341474,0,0.0,0.0
11.892,0.34231,0,0.0,0.0
11.881,0.342294,0,0.0,0.0
11.87,0.342059,0,0.0,0.0
11.859,0.342724,0,0.0,0.0
11.848,0.343637,0,0.0,0.0
11.8397,0.344444,0,0.0,0.0
11.837,0.344722,0,0.0,0.0
11.826,0.344877,0,0.0,0.0
11.815,0.344692,0,0.0,0.0
11.804,0.344937,0,0.0,0.0
11.793,0.345152,0,0.0,0.0
11.782,0.345536,0,0.0,0.0
11.771,0.345572,0,0.0,0.0
11.76,0.345916,0,0.0,0.0
11.7536,0.345464,0,0.0,0.0
11.7545,0.345431,0,0.0,0.0
11.749,0.345007,0,0.0,0.0
11.7436,0.345352,0,0.0,0.0
11.7427,0.345361,0,0.0,0.0
11.738,0.345611,0,0.0,0.0
11.7332,0.345348,0,0.0,0.0
11.7325,0.345342,0,0.0,0.0
11.727,0.344929,0,0.0,0.0
11.7222,0.345768,0,0.0,0.0
11.7215,0.345826,0,0.0,0.0
11.7159,0.346754,0,0.0,0.0
11.7049,0.34728,0,0.0,0.0
11.6939,0.347607,0,0.0,0.0
11.6829,0.347713,0,0.0,0.0
11.6719,0.347959,0,0.0,0.0
11.6609,0.348135,0,0.0,0.0
11.6499,0.348274,0,0.0,0.0
11.6389,0.348413,0,0.0,0.0
11.6279,0.348556,0,0.0,0.0
11.6169,0.348706,0,0.0,0.0
11.6059,0.34886,0,0.0,0.0
11.5949,0.349024,0,0.0,0.0
11.5839,0.349197,0,0.0,0.0
11.5729,0.349379,0,0.0,0.0
11.5619,0.349587,0,0.0,0.0
11.5509,0.349823,0,0.0,0.0
11.5399,0.350081,0,0.0,0.0
11.5289,0.350365,0,0.0,0.0
11.5179,0.350679,0,0.0,0.0
11.5069,0.351025,0,0.0,0.0
11.4959,0.351432,0,0.0,0.0
11.4872,0.351852,0,0.0,0.0
11.4849,0.351969,0,0.0,0.0
11.4739,0.352526,0,0.0,0.0
11.4629,0.353034,0,0.0,0.0
11.4519,0.353486,0,0.0,0.0
11.4409,0.353883,0,0.0,0.0
11.4299,0.354231,0,0.0,0.0
11.4189,0.354536,0,0.0,0.0
11.4079,0.354799,0,0.0,0.0
11.3969,0.355031,0,0.0,0.0
11.3859,0.355241,0,0.0,0.0
11.3749,0.355429,0,0.0,0.0
11.3639,0.355613,0,0.0,0.0
11.3529,0.35582,0,0.0,0.0
11.3419,0.35605,0,0.0,0.0
11.3309,0.356299,0,0.0,0.0
11.3199,0.356565,0,0.0,0.0
11.3088,0.356858,0,0.0,0.0
11.2978,0.357181,0,0.0,0.0
11.2868,0.357538,0,0.0,0.0
11.2758,0.357942,0,0.0,0.0
11.2648,0.358394,0,0.0,0.0
11.2538,0.358934,0,0.0,0.0
11.2428,0.356166,0,0.0,0.0
11.2318,0.356639,0,0.0,0.0
11.2208,0.35724,0,0.0,0.0
11.2098,0.358009,0,0.0,0.0
11.1988,0.35904,0,0.0,0.0
11.1969,0.359259,0,0.0,0.0
11.1878,0.360175,0,0.0,0.0
11.1768,0.361999,0,0.0,0.0
11.1658,0.362242,0,0.0,0.0
11.1548,0.362141,0,0.0,0.0
11.1438,0.362544,0,0.0,0.0
11.1328,0.362819,0,0.0,0.0
11.1218,0.36298,0,0.0,0.0
11.1108,0.363149,0,0.0,0.0
11.0998,0.363329,0,0.0,0.0
11.0888,0.363519,0,0.0,0.0
11.0778,0.363723,0,0.0,0.0
11.0668,0.363941,0,0.0,0.0
11.0558,0.364175,0,0.0,0.0
11.0448,0.364426,0,0.0,0.0
11.0338,0.364691,0,0.0,0.0
11.0228,0.364974,0,0.0,0.0
11.0118,0.365282,0,0.0,0.0
11.0008,0.365619,0,0.0,0.0
10.9898,0.366004,0,0.0,0.0
10.9788,0.366477,0,0.0,0.0
10.9748,0.366667,0,0.0,0.0
10.9678,0.366995,0,0.0,0.0
10.9568,0.367452,0,0.0,0.0
10.9458,0.36785,0,0.0,0.0
10.9348,0.368199,0,0.0,0.0
10.9238,0.368507,0,0.0,0.0
10.9128,0.368088,0,0.0,0.0
10.9017,0.367418,0,0.0,0.0
10.8907,0.368113,0,0.0,0.0
10.8797,0.36868,0,0.0,0.0
10.8687,0.369166,0,0.0,0.0
10.8577,0.369566,0,0.0,0.0
10.8467,0.369906,0,0.0,0.0
10.8357,0.370163,0,0.0,0.0
10.8247,0.370314,0,0.0,0.0
10.8137,0.370207,0,0.0,0.0
10.8027,0.370407,0,0.0,0.0
10.7917,0.370318,0,0.0,0.0
10.7807,0.370569,0,0.0,0.0
10.7697,0.371185,0,0.0,0.0
10.7587,0.370586,0,0.0,0.0
10.7477,0.370833,0,0.0,0.0
10.7367,0.370453,0,0.0,0.0
10.7257,0.370159,0,0.0,0.0
10.7147,0.370973,0,0.0,0.0
10.7037,0.370303,0,0.0,0.0
10.6927,0.370387,0,0.0,0.0
10.6817,0.370663,0,0.0,0.0
10.6707,0.370981,0,0.0,0.0
10.6597,0.371345,0,0.0,0.0
10.6487,0.371775,0,0.0,0.0
10.6377,0.372306,0,0.0,0.0
10.6267,0.372972,0,0.0,0.0
10.6157,0.373809,0,0.0,0.0
10.6127,0.374074,0,0.0,0.0
10.6047,0.374736,0,0.0,0.0
10.5937,0.37547,0,0.0,0.0
10.5827,0.376062,0,0.0,0.0
10.5717,0.376546,0,0.0,0.0
10.5607,0.376946,0,0.0,0.0
10.5497,0.377283,0,0.0,0.0
10.5387,0.377526,0,0.0,0.0
10.5277,0.377667,0,0.0,0.0
10.5167,0.377816,0,0.0,0.0
10.5057,0.377976,0,0.0,0.0
10.4946,0.378146,0,0.0,0.0
10.4836,0.37833,0,0.0,0.0
10.4726,0.378531,0,0.0,0.0
10.4616,0.37875,0,0.0,0.0
10.4506,0.378982,0,0.0,0.0
10.4396,0.379224,0,0.0,0.0
10.4286,0.379477,0,0.0,0.0
10.4176,0.379747,0,0.0,0.0
10.4066,0.380034,0,0.0,0.0
10.3956,0.380338,0,0.0,0.0
10.3846,0.380707,0,0.0,0.0
10.3736,0.381135,0,0.0,0.0
10.3656,0.381481,0,0.0,0.0
10.3626,0.381613,0,0.0,0.0
10.3516,0.382059,0,0.0,0.0
10.3406,0.382449,0,0.0,0.0
10.3296,0.382794,0,0.0,0.0
10.3186,0.383104,0,0.0,0.0
10.3076,0.383383,0,0.0,0.0
10.2966,0.383636,0,0.0,0.0
10.2856,0.383866,0,0.0,0.0
10.2746,0.384078,0,0.0,0.0
10.2636,0.384272,0,0.0,0.0
10.2526,0.38445,0,0.0,0.0
10.2416,0.384618,0,0.0,0.0
10.2306,0.384778,0,0.0,0.0
10.2196,0.384856,0,0.0,0.0
10.2086,0.384882,0,0.0,0.0
10.1976,0.384907,0,0.0,0.0
10.1866,0.384933,0,0.0,0.0
10.1756,0.384958,0,0.0,0.0
10.1646,0.384983,0,0.0,0.0
10.1536,0.385008,0,0.0,0.0
10.1426,0.385086,0,0.0,0.0
10.1316,0.385499,0,0.0,0.0
10.1206,0.386369,0,0.0,0.0
10.1096,0.387047,0,0.0,0.0
10.0986,0.3865,0,0.0,0.0
10.0939,0.386851,0,0.0,0.0
10.0925,0.386867,0,0.0,0.0
10.0876,0.387198,0,0.0,0.0
10.0835,0.386389,0,0.0,0.0
10.082,0.386405,0,0.0,0.0
10.0765,0.385119,0,0.0,0.0
10.0655,0.38538,0,0.0,0.0
10.0545,0.385675,0,0.0,0.0
10.0435,0.386008,0,0.0,0.0
10.0325,0.386403,0,0.0,0.0
10.0215,0.386858,0,0.0,0.0
10.0105,0.387372,0,0.0,0.0
9.99953,0.387979,0,0.0,0.0
9.98853,0.388764,0,0.0,0.0
9.9871,0.388889,0,0.0,0.0
9.97752,0.389653,0,0.0,0.0
9.96652,0.390371,0,0.0,0.0
9.95552,0.390928,0,0.0,0.0
9.94452,0.391363,0,0.0,0.0
9.93351,0.391726,0,0.0,0.0
9.92251,0.392053,0,0.0,0.0
9.91151,0.392281,0,0.0,0.0
9.9005,0.392455,0,0.0,0.0
9.8895,0.392626,0,0.0,0.0
9.8785,0.392744,0,0.0,0.0
9.8675,0.392812,0,0.0,0.0
9.85649,0.392913,0,0.0,0.0
9.84549,0.393126,0,0.0,0.0
9.83449,0.393436,0,0.0,0.0
9.82349,0.393726,0,0.0,0.0
9.81248,0.393892,0,0.0,0.0
9.80148,0.393931,0,0.0,0.0
9.79048,0.393934,0,0.0,0.0
9.77948,0.394042,0,0.0,0.0
9.76847,0.394362,0,0.0,0.0
9.75747,0.394922,0,0.0,0.0
9.74647,0.395824,0,0.0,0.0
9.74136,0.396296,0,0.0,0.0
9.73546,0.39678,0,0.0,0.0
9.72446,0.397202,0,0.0,0.0
9.71346,0.397034,0,0.0,0.0
9.70812,0.396751,0,0.0,0.0
9.70739,0.39672,0,0.0,0.0
9.70246,0.39645,0,0.0,0.0
9.70022,0.396296,0,0.0,0.0
9.69618,0.396055,0,0.0,0.0
9.69602,0.396043,0,0.0,0.0
9.69145,0.395795,0,0.0,0.0
9.68045,0.395473,0,0.0,0.0
9.66945,0.395737,0,0.0,0.0
9.6626,0.396296,0,0.0,0.0
9.65845,0.396745,0,0.0,0.0
9.64744,0.398003,0,0.0,0.0
9.63644,0.398998,0,0.0,0.0
9.62544,0.399612,0,0.0,0.0
9.61443,0.399999,0,0.0,0.0
9.60343,0.400102,0,0.0,0.0
9.59243,0.399929,0,0.0,0.0
9.58143,0.399573,0,0.0,0.0
9.57042,0.399067,0,0.0,0.0
9.55942,0.398503,0,0.0,0.0
9.54842,0.398054,0,0.0,0.0
9.53742,0.397923,0,0.0,0.0
9.52641,0.398191,0,0.0,0.0
9.51541,0.398752,0,0.0,0.0
9.50441,0.399335,0,0.0,0.0
9.49341,0.399652,0,0.0,0.0
9.4824,0.400634,0,0.0,0.0
9.4714,0.401439,0,0.0,0.0
9.46696,0.402744,0,0.0,0.0
9.4666,0.402828,0,0.0,0.0
9.4635,0.403704,0,0.0,0.0
9.4604,0.404339,0,0.0,0.0
9.4562,0.404977,0,0.0,0.0
9.45493,0.405105,0,0.0,0.0
9.44939,0.40597,0,0.0,0.0
9.43839,0.406746,0,0.0,0.0
9.42739,0.40707,0,0.0,0.0
9.41639,0.407104,0,0.0,0.0
9.40538,0.406787,0,0.0,0.0
9.39438,0.405942,0,0.0,0.0
9.38908,0.405131,0,0.0,0.0
9.38826,0.405053,0,0.0,0.0
9.38338,0.404281,0,0.0,0.0
9.38054,0.403704,0,0.0,0.0
9.37674,0.402957,0,0.0,0.0
9.37666,0.402935,0,0.0,0.0
9.37238,0.402197,0,0.0,0.0
9.36137,0.400654,0,0.0,0.0
9.35037,0.399613,0,0.0,0.0
9.33937,0.398573,0,0.0,0.0
9.33399,0.397932,0,0.0,0.0
9.33241,0.39781,0,0.0,0.0
9.32836,0.39736,0,0.0,0.0
9.31822,0.396296,0,0.0,0.0
9.31736,0.396201,0,0.0,0.0
9.31102,0.395559,0,0.0,0.0
9.31086,0.395549,0,0.0,0.0
9.30636,0.395193,0,0.0,0.0
9.29536,0.394382,0,0.0,0.0
9.28435,0.393819,0,0.0,0.0
9.27335,0.393364,0,0.0,0.0
9.26235,0.392987,0,0.0,0.0
9.25135,0.392714,0,0.0,0.0
9.24034,0.392591,0,0.0,0.0
9.22934,0.392653,0,0.0,0.0
9.21834,0.392916,0,0.0,0.0
9.20733,0.393366,0,0.0,0.0
9.19633,0.393986,0,0.0,0.0
9.18533,0.394829,0,0.0,0.0
9.18009,0.395386,0,0.0,0.0
9.1796,0.395418,0,0.0,0.0
9.17433,0.396043,0,0.0,0.0
9.172,0.396296,0,0.0,0.0
9.16332,0.397339,0,0.0,0.0
9.15769,0.397856,0,0.0,0.0
9.15932,0.397738,0,0.0,0.0
9.15232,0.39843,0,0.0,0.0
9.14132,0.399499,0,0.0,0.0
9.13032,0.400459,0,0.0,0.0
9.11931,0.401578,0,0.0,0.0
9.11447,0.402414,0,0.0,0.0
9.11444,0.402425,0,0.0,0.0
9.10878,0.403704,0,0.0,0.0
9.10831,0.403833,0,0.0,0.0
9.09731,0.405556,0,0.0,0.0
9.09361,0.406189,0,0.0,0.0
9.0918,0.406423,0,0.0,0.0
9.08631,0.407441,0,0.0,0.0
9.08088,0.40845,0,0.0,0.0
9.07918,0.408652,0,0.0,0.0
9.0753,0.409317,0,0.0,0.0
9.06477,0.411111,0,0.0,0.0
9.0643,0.411208,0,0.0,0.0
9.05787,0.412408,0,0.0,0.0
9.05778,0.412418,0,0.0,0.0
9.0533,0.413087,0,0.0,0.0
9.04229,0.415246,0,0.0,0.0
9.03703,0.416497,0,0.0,0.0
9.03641,0.416597,0,0.0,0.0
9.03129,0.417877,0,0.0,0.0
9.02923,0.418519,0,0.0,0.0
9.02494,0.419724,0,0.0,0.0
9.02482,0.419769,0,0.0,0.0
9.02029,0.420859,0,0.0,0.0
9.00929,0.423607,0,0.0,0.0
9.00489,0.424657,0,0.0,0.0
9.00481,0.424695,0,0.0,0.0
9.00063,0.425926,0,0.0,0.0
8.99828,0.426698,0,0.0,0.0
8.99314,0.428205,0,0.0,0.0
8.99247,0.428378,0,0.0,0.0
8.98728,0.429901,0,0.0,0.0
8.98229,0.43132,0,0.0,0.0
8.98224,0.43133,0,0.0,0.0
8.97628,0.433268,0,0.0,0.0
8.97607,0.433333,0,0.0,0.0
8.96984,0.434905,0,0.0,0.0
8.96984,0.434903,0,0.0,0.0
8.96528,0.435793,0,0.0,0.0
8.95427,0.436334,0,0.0,0.0
8.94327,0.435645,0,0.0,0.0
8.93227,0.435165,0,0.0,0.0
8.92126,0.435671,0,0.0,0.0
8.91026,0.436554,0,0.0,0.0
8.89926,0.437442,0,0.0,0.0
8.88826,0.438188,0,0.0,0.0
8.87725,0.438672,0,0.0,0.0
8.86625,0.438939,0,0.0,0.0
8.85525,0.43854,0,0.0,0.0
8.84425,0.43749,0,0.0,0.0
8.83324,0.436462,0,0.0,0.0
8.82224,0.436221,0,0.0,0.0
8.81124,0.437448,0,0.0,0.0
8.80314,0.440741,0,0.0,0.0
8.80024,0.442154,0,0.0,0.0
8.78923,0.445872,0,0.0,0.0
8.77823,0.439375,0,0.0,0.0
8.7764,0.436356,0,0.0,0.0
8.78404,0.443399,0,0.0,0.0
8.78377,0.443228,0,0.0,0.0
8.77941,0.440741,0,0.0,0.0
8.77635,0.436313,0,0.0,0.0
8.77502,0.433333,0,0.0,0.0
8.77244,0.425926,0,0.0,0.0
8.77066,0.421292,0,0.0,0.0
8.76953,0.418519,0,0.0,0.0
8.77079,0.422282,0,0.0,0.0
8.76723,0.412243,0,0.0,0.0
8.76666,0.411111,0,0.0,0.0
8.76443,0.403704,0,0.0,0.0
8.76364,0.401194,0,0.0,0.0
8.76347,0.399985,0,0.0,0.0
8.7621,0.396296,0,0.0,0.0
8.76049,0.388889,0,0.0,0.0
8.75952,0.385403,0,0.0,0.0
8.75944,0.384366,0,0.0,0.0
8.75873,0.381481,0,0.0,0.0
8.75766,0.374074,0,0.0,0.0
8.75679,0.366667,0,0.0,0.0
8.75622,0.361122,0,0.0,0.0
8.75603,0.359259,0,0.0,0.0
8.75554,0.351852,0,0.0,0.0
8.75538,0.344444,0,0.0,0.0
8.75559,0.337037,0,0.0,0.0
8.75622,0.32963,0,0.0,0.0
8.75622,0.329564,0,0.0,0.0
8.75719,0.322222,0,0.0,0.0
8.75881,0.311427,0,0.0,0.0
8.75821,0.314815,0,0.0,0.0
8.75885,0.310553,0,0.0,0.0
8.75941,0.307407,0,0.0,0.0
8.76059,0.3,0,0.0,0.0
8.76137,0.292593,0,0.0,0.0
8.76205,0.285185,0,0.0,0.0
8.7634,0.277778,0,0.0,0.0
8.76501,0.274253,0,0.0,0.0
8.76502,0.274214,0,0.0,0.0
8.76966,0.266671,0,0.0,0.0
8.76723,0.270278,0,0.0,0.0
8.76714,0.27037,0,0.0,0.0
8.76965,0.266691,0,0.0,0.0
8.77169,0.262963,0,0.0,0.0
8.77454,0.255556,0,0.0,0.0
8.77823,0.252144,0,0.0,0.0
8.78246,0.248148,0,0.0,0.0
8.78631,0.24407,0,0.0,0.0
8.78601,0.24435,0,0.0,0.0
8.79077,0.240086,0,0.0,0.0
8.78991,0.240741,0,0.0,0.0
8.78923,0.241215,0,0.0,0.0
8.79886,0.233894,0,0.0,0.0
8.79959,0.233333,0,0.0,0.0
8.80024,0.232899,0,0.0,0.0
8.80104,0.232407,0,0.0,0.0
8.81062,0.22708,0,0.0,0.0
8.81124,0.226766,0,0.0,0.0
8.81254,0.225926,0,0.0,0.0
8.81303,0.225513,0,0.0,0.0
8.82178,0.219491,0,0.0,0.0
8.82224,0.21923,0,0.0,0.0
8.82332,0.218519,0,0.0,0.0
8.82702,0.216395,0,0.0,0.0
8.82785,0.215871,0,0.0,0.0
8.83324,0.212902,0,0.0,0.0
8.83595,0.211111,0,0.0,0.0
8.84425,0.205372,0,0.0,0.0
8.8467,0.203704,0,0.0,0.0
8.85525,0.198171,0,0.0,0.0
8.85799,0.196296,0,0.0,0.0
8.86242,0.192496,0,0.0,0.0
8.86306,0.192,0,0.0,0.0
8.86625,0.189355,0,0.0,0.0
8.86691,0.188889,0,0.0,0.0
8.87028,0.186062,0,0.0,0.0
8.87101,0.185442,0,0.0,0.0
8.87571,0.181481,0,0.0,0.0
8.87725,0.180369,0,0.0,0.0
8.8837,0.174074,0,0.0,0.0
8.88826,0.170514,0,0.0,0.0
8.89303,0.166667,0,0.0,0.0
8.89926,0.160635,0,0.0,0.0
8.90115,0.159259,0,0.0,0.0
8.90733,0.151852,0,0.0,0.0
8.91026,0.14968,0,0.0,0.0
8.91609,0.144444,0,0.0,0.0
8.92126,0.140266,0,0.0,0.0
8.92554,0.137037,0,0.0,0.0
8.93227,0.131182,0,0.0,0.0
8.93444,0.12963,0,0.0,0.0
8.93947,0.125376,0,0.0,0.0
8.93951,0.125345,0,0.0,0.0
8.94327,0.122242,0,0.0,0.0
8.9433,0.122222,0,0.0,0.0
8.94687,0.119103,0,0.0,0.0
8.9469,0.119067,0,0.0,0.0
8.95165,0.114815,0,0.0,0.0
8.95427,0.112975,0,0.0,0.0
8.96133,0.107407,0,0.0,0.0
8.96528,0.104614,0,0.0,0.0
8.9714,0.1,0,0.0,0.0
8.97628,0.0965215,0,0.0,0.0
8.98169,0.0925926,0,0.0,0.0
8.98728,0.0885791,0,0.0,0.0
8.99211,0.0851852,0,0.0,0.0
8.99828,0.0807876,0,0.0,0.0
9.00261,0.0777778,0,0.0,0.0
9.00929,0.0729822,0,0.0,0.0
9.01307,0.0703704,0,0.0,0.0
9.02029,0.0650936,0,0.0,0.0
9.02338,0.062963,0,0.0,0.0
9.03129,0.0568949,0,0.0,0.0
9.03323,0.0555556,0,0.0,0.0
9.03817,0.051575,0,0.0,0.0
9.0384,0.0514,0,0.0,0.0
9.04229,0.0483787,0,0.0,0.0
9.04263,0.0481481,0,0.0,0.0
9.04352,0.0474803,0,0.0,0.0
9.05142,0.0409395,0,0.0,0.0
9.05164,0.0407407,0,0.0,0.0
9.0533,0.0395746,0,0.0,0.0
9.05593,0.0373668,0,0.0,0.0
9.05674,0.0367144,0,0.0,0.0
9.06062,0.0333333,0,0.0,0.0
9.0643,0.0306394,0,0.0,0.0
9.06995,0.0259259,0,0.0,0.0
9.0753,0.0217276,0,0.0,0.0
9.0796,0.0185185,0,0.0,0.0
9.08309,0.0151227,0,0.0,0.0
9.08374,0.0145981,0,0.0,0.0
9.08631,0.0123019,0,0.0,0.0
9.08831,0.0107225,0,0.0,0.0
9.08791,0.0111111,0,0.0,0.0
9.09513,0.0040575,0,0.0,0.0
9.09549,0.0037037,0,0.0,0.0
9.09731,0.0023302,0,0.0,0.0
9.09969,0.000121642,0,0.0,0.0
9.10032,-0.000391616,0,0.0,0.0
9.1036,-0.0037037,0,0.0,0.0
9.10831,-0.00777531,0,0.0,0.0
9.11213,-0.0111111,0,0.0,0.0
9.11588,-0.0151002,0,0.0,0.0
9.11577,-0.0150049,0,0.0,0.0
9.11931,-0.018309,0,0.0,0.0
9.11963,-0.0185185,0,0.0,0.0
9.123,-0.0218761,0,0.0,0.0
9.12311,-0.0220166,0,0.0,0.0
9.12676,-0.0259259,0,0.0,0.0
9.13032,-0.0289989,0,0.0,0.0
9.13505,-0.0333333,0,0.0,0.0
9.13821,-0.0367887,0,0.0,0.0
9.14132,-0.0397052,0,0.0,0.0
9.14353,-0.0415678,0,0.0,0.0
9.13859,-0.0370946,0,0.0,0.0
9.14264,-0.0407407,0,0.0,0.0
9.14983,-0.0477679,0,0.0,0.0
9.15232,-0.0499208,0,0.0,0.0
9.15019,-0.0481481,0,0.0,0.0
9.15458,-0.051987,0,0.0,0.0
9.1551,-0.0524102,0,0.0,0.0
9.15827,-0.0555556,0,0.0,0.0
9.16332,-0.0599863,0,0.0,0.0
9.16705,-0.062963,0,0.0,0.0
9.17089,-0.0662823,0,0.0,0.0
9.17138,-0.0666488,0,0.0,0.0
9.17433,-0.0690182,0,0.0,0.0
9.17659,-0.0710202,0,0.0,0.0
9.17595,-0.0703704,0,0.0,0.0
9.18367,-0.076418,0,0.0,0.0
9.18604,-0.0777778,0,0.0,0.0
9.18533,-0.0773598,0,0.0,0.0
9.18764,-0.0789256,0,0.0,0.0
9.19481,-0.0835956,0,0.0,0.0
9.19633,-0.0844975,0,0.0,0.0
9.19723,-0.0851852,0,0.0,0.0
9.19841,-0.0861874,0,0.0,0.0
9.20666,-0.0909857,0,0.0,0.0
9.21039,-0.0925926,0,0.0,0.0
9.20733,-0.0912582,0,0.0,0.0
9.21385,-0.0943576,0,0.0,0.0
9.21339,-0.0940944,0,0.0,0.0
9.21834,-0.0964492,0,0.0,0.0
9.22322,-0.0983637,0,0.0,0.0
9.22358,-0.0985106,0,0.0,0.0
9.22736,-0.1,0,0.0,0.0
9.22934,-0.100804,0,0.0,0.0
9.23377,-0.10267,0,0.0,0.0
9.23466,-0.103057,0,0.0,0.0
9.24034,-0.105374,0,0.0,0.0
9.24418,-0.106563,0,0.0,0.0
9.24417,-0.106561,0,0.0,0.0
9.24664,-0.107407,0,0.0,0.0
9.25135,-0.108913,0,0.0,0.0
9.25545,-0.110135,0,0.0,0.0
9.25689,-0.110532,0,0.0,0.0
9.26716,-0.113205,0,0.0,0.0
9.26235,-0.112174,0,0.0,0.0
9.26713,-0.113194,0,0.0,0.0
9.2728,-0.114815,0,0.0,0.0
9.27335,-0.114979,0,0.0,0.0
9.27914,-0.116364,0,0.0,0.0
9.27928,-0.116376,0,0.0,0.0
9.28435,-0.117345,0,0.0,0.0
9.29536,-0.119439,0,0.0,0.0
9.30031,-0.120136,0,0.0,0.0
9.3011,-0.120098,0,0.0,0.0
9.30636,-0.121039,0,0.0,0.0
9.31538,-0.122222,0,0.0,0.0
9.31736,-0.122435,0,0.0,0.0
9.32836,-0.123371,0,0.0,0.0
9.33937,-0.124034,0,0.0,0.0
9.34385,-0.124108,0,0.0,0.0
9.34562,-0.12413,0,0.0,0.0
9.35037,-0.124217,0,0.0,0.0
9.35451,-0.124035,0,0.0,0.0
9.35591,-0.124005,0,0.0,0.0
9.36137,-0.123739,0,0.0,0.0
9.37238,-0.122635,0,0.0,0.0
9.37488,-0.122222,0,0.0,0.0
9.38338,-0.120875,0,0.0,0.0
9.38816,-0.119919,0,0.0,0.0
9.38927,-0.119817,0,0.0,0.0
9.39438,-0.118746,0,0.0,0.0
9.39983,-0.116961,0,0.0,0.0
9.39992,-0.116941,0,0.0,0.0
9.40538,-0.114923,0,0.0,0.0
9.40571,-0.114815,0,0.0,0.0
9.41146,-0.112905,0,0.0,0.0
9.41144,-0.112914,0,0.0,0.0
9.41639,-0.111302,0,0.0,0.0
9.42103,-0.109354,0,0.0,0.0
9.42121,-0.109255,0,0.0,0.0
9.42529,-0.107407,0,0.0,0.0
9.42739,-0.10642,0,0.0,0.0
9.42902,-0.105517,0,0.0,0.0
9.43738,-0.101029,0,0.0,0.0
9.43839,-0.100502,0,0.0,0.0
9.43923,-0.1,0,0.0,0.0
9.44939,-0.093622,0,0.0,0.0
9.4482,-0.0943754,0,0.0,0.0
9.4509,-0.0925926,0,0.0,0.0
9.45991,-0.0859476,0,0.0,0.0
9.4604,-0.0855972,0,0.0,0.0
9.46092,-0.0851852,0,0.0,0.0
9.46961,-0.0777778,0,0.0,0.0
9.4714,-0.0760544,0,0.0,0.0
9.4739,-0.0734033,0,0.0,0.0
9.47373,-0.0735324,0,0.0,0.0
9.47632,-0.0703704,0,0.0,0.0
9.47913,-0.066842,0,0.0,0.0
9.47915,-0.0668247,0,0.0,0.0
9.48253,-0.062963,0,0.0,0.0
9.4824,-0.0630918,0,0.0,0.0
9.48551,-0.0592094,0,0.0,0.0
9.48553,-0.0591658,0,0.0,0.0
9.49029,-0.0519747,0,0.0,0.0
9.49036,-0.0518188,0,0.0,0.0
9.488,-0.0555556,0,0.0,0.0
9.49299,-0.0481481,0,0.0,0.0
9.49341,-0.0477031,0,0.0,0.0
9.49599,-0.0441936,0,0.0,0.0
9.49592,-0.0442529,0,0.0,0.0
9.498,-0.0407407,0,0.0,0.0
9.50021,-0.0370435,0,0.0,0.0
9.50212,-0.0333333,0,0.0,0.0
9.50062,-0.0359892,0,0.0,0.0
9.50441,-0.0303552,0,0.0,0.0
9.50557,-0.0287308,0,0.0,0.0
9.50572,-0.0286113,0,0.0,0.0
9.50742,-0.0259259,0,0.0,0.0
9.5107,-0.0185185,0,0.0,0.0
9.51307,-0.0151104,0,0.0,0.0
9.51665,-0.0111111,0,0.0,0.0
9.51345,-0.0147251,0,0.0,0.0
9.51541,-0.0122801,0,0.0,0.0
9.51856,-0.00822912,0,0.0,0.0
9.51883,-0.00752054,0,0.0,0.0
9.52138,-0.0037037,0,0.0,0.0
9.52395,-0.000260657,0,0.0,0.0
9.52449,0.000296651,0,0.0,0.0
9.52641,0.0026208,0,0.0,0.0
9.52767,0.0037037,0,0.0,0.0
9.5294,0.00642385,0,0.0,0.0
9.52973,0.00730024,0,0.0,0.0
9.53226,0.0111111,0,0.0,0.0
9.53742,0.0167641,0,0.0,0.0
9.5397,0.0185185,0,0.0,0.0
9.54453,0.0259259,0,0.0,0.0
9.54842,0.0289225,0,0.0,0.0
9.55337,0.0333333,0,0.0,0.0
9.55942,0.0392064,0,0.0,0.0
9.56174,0.0407407,0,0.0,0.0
9.56883,0.0481481,0,0.0,0.0
9.57042,0.0493081,0,0.0,0.0
9.57787,0.0555556,0,0.0,0.0
9.58143,0.0578073,0,0.0,0.0
9.58925,0.062963,0,0.0,0.0
9.59243,0.0650804,0,0.0,0.0
9.60196,0.0703704,0,0.0,0.0
9.60343,0.0713289,0,0.0,0.0
9.61443,0.076392,0,0.0,0.0
9.61692,0.0777778,0,0.0,0.0
9.62544,0.0816659,0,0.0,0.0
9.63097,0.0839339,0,0.0,0.0
9.63395,0.0851852,0,0.0,0.0
9.63015,0.0835171,0,0.0,0.0
9.63644,0.0864215,0,0.0,0.0
9.64029,0.0876466,0,0.0,0.0
9.6419,0.0881058,0,0.0,0.0
9.64744,0.0899088,0,0.0,0.0
9.65845,0.093834,0,0.0,0.0
9.65524,0.0925926,0,0.0,0.0
9.65229,0.0915332,0,0.0,0.0
9.65187,0.0913325,0,0.0,0.0
9.66257,0.0949493,0,0.0,0.0
9.66395,0.0952521,0,0.0,0.0
9.67498,0.0982071,0,0.0,0.0
9.66945,0.0967783,0,0.0,0.0
9.67481,0.0981766,0,0.0,0.0
9.68045,0.0998187,0,0.0,0.0
9.68654,0.101459,0,0.0,0.0
9.68649,0.101442,0,0.0,0.0
9.68104,0.1,0,0.0,0.0
9.69145,0.102604,0,0.0,0.0
9.70246,0.105089,0,0.0,0.0
9.707,0.106088,0,0.0,0.0
9.70706,0.10611,0,0.0,0.0
9.71198,0.107407,0,0.0,0.0
9.71346,0.107833,0,0.0,0.0
9.71928,0.109285,0,0.0,0.0
9.71889,0.109221,0,0.0,0.0
9.72446,0.110502,0,0.0,0.0
9.72993,0.112001,0,0.0,0.0
9.73149,0.11238,0,0.0,0.0
9.73546,0.113438,0,0.0,0.0
9.74048,0.114815,0,0.0,0.0
9.74647,0.116788,0,0.0,0.0
9.75016,0.117736,0,0.0,0.0
9.75197,0.118066,0,0.0,0.0
9.75747,0.11961,0,0.0,0.0
9.76424,0.122222,0,0.0,0.0
9.76847,0.123851,0,0.0,0.0
9.77948,0.127519,0,0.0,0.0
9.78369,0.12963,0,0.0,0.0
9.79048,0.132562,0,0.0,0.0
9.80149,0.137037,0,0.0,0.0
9.79689,0.135139,0,0.0,0.0
9.80148,0.137033,0,0.0,0.0
9.79691,0.135146,0,0.0,0.0
9.80604,0.139004,0,0.0,0.0
